order_item_id,order_id,product_id,quantity,unit_price,discount_pct
1,1,11,3,41.29,0.0
2,1,77,2,177.17,0.0
3,1,1,2,52.08,0.0
4,1,32,3,130.85,0.0
5,2,7,1,189.9,0.0
6,3,72,-1,58.72,0.0
7,3,23,3,165.25,10.0
8,3,59,4,137.97,0.0
9,3,75,-4,227.7,0.0
10,3,47,3,144.15,0.0
11,4,94,3,115.85,0.0
12,4,81,3,243.31,0.0
13,4,68,3,85.39,15.0
14,4,12,4,127.97,0.0
15,4,62,4,155.64,0.0
16,5,4,4,193.39,0.0
17,6,6,2,198.49,0.0
18,6,43,2,16.37,0.0
19,6,45,3,242.85,5.0
20,6,72,3,58.72,0.0
21,7,51,1,109.23,10.0
22,7,93,2,161.42,0.0
23,7,73,3,97.41,15.0
24,8,20,3,234.75,0.0
25,8,81,4,243.31,15.0
26,8,59,1,137.97,10.0
27,8,69,3,89.92,0.0
28,9,46,3,109.69,10.0
29,9,9,3,137.06,20.0
30,9,20,2,234.75,0.0
31,10,35,4,26.29,0.0
32,11,23,1,165.25,5.0
33,11,15,1,82.54,0.0
34,11,48,1,126.95,5.0
35,12,42,2,164.24,0.0
36,12,19,1,232.32,0.0
37,12,13,1,156.19,0.0
38,13,6,3,198.49,0.0
39,13,14,3,132.45,0.0
40,13,67,2,231.81,0.0
41,13,85,2,22.63,0.0
42,14,20,1,234.75,0.0
43,14,21,1,68.66,0.0
44,14,36,3,64.71,0.0
45,15,10,3,118.69,0.0
46,15,40,1,195.69,0.0
47,16,91,4,103.0,0.0
48,16,77,3,177.17,0.0
49,17,17,4,209.57,0.0
50,17,12,4,127.97,0.0
51,17,90,2,124.02,0.0
52,17,60,3,174.68,15.0
53,17,13,4,156.19,0.0
54,18,15,2,82.54,0.0
55,18,45,3,242.85,0.0
56,18,62,2,155.64,0.0
57,18,60,4,174.68,10.0
58,19,52,2,107.61,0.0
59,19,76,4,146.51,0.0
60,19,53,3,8.98,0.0
61,19,31,4,101.08,5.0
62,20,85,1,22.63,5.0
63,20,86,4,118.78,0.0
64,21,52,1,107.61,0.0
65,21,9,4,137.06,0.0
66,21,77,1,177.17,0.0
67,22,69,4,89.92,0.0
68,22,38,3,122.19,0.0
69,22,50,3,249.28,15.0
70,22,79,4,81.42,5.0
71,23,17,1,209.57,0.0
72,23,38,3,122.19,0.0
73,23,8,3,91.47,10.0
74,23,48,2,126.95,0.0
75,24,49,2,51.93,0.0
76,24,56,4,16.47,0.0
77,24,70,-4,71.14,20.0
78,24,28,-2,83.19,0.0
79,25,11,4,41.29,10.0
80,25,18,4,57.52,0.0
81,26,24,1,140.86,0.0
82,26,55,2,172.28,5.0
83,27,73,4,97.41,5.0
84,28,60,1,174.68,0.0
85,28,67,1,231.81,0.0
86,28,11,3,41.29,0.0
87,29,61,3,13.74,20.0
88,29,74,3,59.17,0.0
89,29,94,1,115.85,0.0
90,29,43,3,16.37,5.0
91,29,54,3,156.93,0.0
92,30,4,1,193.39,10.0
93,30,37,3,143.56,0.0
94,30,63,3,99.0,0.0
95,30,11,3,41.29,0.0
96,30,17,1,209.57,0.0
97,31,90,2,124.02,5.0
98,31,31,1,101.08,0.0
99,31,63,1,99.0,20.0
100,32,85,2,22.63,0.0
101,32,57,3,205.57,0.0
102,33,39,4,150.02,0.0
103,33,61,4,13.74,0.0
104,33,69,2,89.92,0.0
105,33,30,4,231.76,0.0
106,34,69,3,89.92,0.0
107,35,51,2,109.23,0.0
108,35,60,2,174.68,0.0
109,35,87,1,36.97,0.0
110,35,31,1,101.08,0.0
111,35,94,1,115.85,0.0
112,36,4,1,193.39,0.0
113,37,91,1,103.0,0.0
114,38,33,4,56.06,0.0
115,38,38,4,122.19,0.0
116,39,36,1,64.71,0.0
117,40,63,2,99.0,0.0
118,41,28,4,83.19,5.0
119,41,79,1,81.42,0.0
120,41,83,1,48.63,0.0
121,41,14,3,132.45,5.0
122,42,20,4,234.75,0.0
123,42,90,4,124.02,0.0
124,42,43,4,16.37,10.0
125,43,73,3,97.41,0.0
126,44,11,2,41.29,0.0
127,44,59,1,137.97,20.0
128,44,38,2,122.19,0.0
129,45,95,-2,135.85,20.0
130,45,25,2,169.6,0.0
131,45,18,3,57.52,20.0
132,45,5,4,242.5,0.0
133,46,84,4,143.06,15.0
134,46,86,2,118.78,5.0
135,47,61,1,13.74,0.0
136,48,79,1,81.42,0.0
137,48,22,2,240.26,0.0
138,48,76,2,146.51,0.0
139,48,9,4,137.06,0.0
140,49,23,2,165.25,5.0
141,49,43,2,16.37,0.0
142,49,9,2,137.06,0.0
143,49,16,1,47.12,0.0
144,49,36,4,64.71,5.0
145,50,91,3,103.0,0.0
146,51,67,2,231.81,15.0
147,51,58,1,114.17,0.0
148,51,53,4,8.98,0.0
149,52,72,2,58.72,0.0
150,53,60,2,174.68,0.0
151,53,81,2,243.31,0.0
152,54,86,1,118.78,0.0
153,54,6,3,198.49,0.0
154,55,69,2,89.92,0.0
155,56,76,2,146.51,5.0
156,56,75,3,227.7,0.0
157,56,42,1,164.24,0.0
158,56,54,1,156.93,0.0
159,57,63,4,99.0,0.0
160,57,7,3,189.9,0.0
161,57,56,2,16.47,0.0
162,57,19,3,232.32,0.0
163,57,28,2,83.19,0.0
164,58,54,3,156.93,0.0
165,58,22,2,240.26,0.0
166,58,44,2,83.73,0.0
167,58,29,4,182.29,10.0
168,59,95,2,135.85,10.0
169,59,32,2,130.85,15.0
170,59,42,1,164.24,0.0
171,59,56,1,16.47,0.0
172,60,51,4,109.23,0.0
173,60,62,1,155.64,0.0
174,60,90,4,124.02,15.0
175,60,13,2,156.19,0.0
176,60,58,2,114.17,0.0
177,61,75,4,227.7,0.0
178,61,4,3,193.39,0.0
179,61,59,1,137.97,10.0
180,61,60,1,174.68,0.0
181,61,18,3,57.52,0.0
182,62,74,3,59.17,5.0
183,62,27,1,112.42,0.0
184,62,88,3,6.71,10.0
185,62,11,1,41.29,0.0
186,62,80,4,210.36,0.0
187,63,91,1,103.0,0.0
188,63,27,2,112.42,5.0
189,63,18,2,57.52,0.0
190,63,43,3,16.37,0.0
191,63,31,4,101.08,0.0
192,64,16,3,47.12,0.0
193,64,61,3,13.74,5.0
194,64,91,1,103.0,0.0
195,64,69,4,89.92,0.0
196,64,87,4,36.97,10.0
197,65,64,2,7.71,0.0
198,65,20,1,234.75,0.0
199,66,38,2,122.19,0.0
200,67,84,4,143.06,0.0
201,67,83,4,48.63,0.0
202,67,42,-3,164.24,0.0
203,68,59,2,137.97,5.0
204,68,22,3,240.26,0.0
205,68,80,2,210.36,10.0
206,69,17,2,209.57,0.0
207,69,57,1,205.57,0.0
208,69,34,3,230.02,0.0
209,69,48,4,126.95,0.0
210,69,24,2,140.86,0.0
211,70,20,3,234.75,0.0
212,70,1,3,52.08,0.0
213,70,95,3,135.85,20.0
214,71,89,4,190.17,15.0
215,71,15,2,82.54,0.0
216,71,94,1,115.85,0.0
217,72,42,1,164.24,0.0
218,73,11,4,41.29,0.0
219,74,78,4,244.02,0.0
220,74,66,4,150.49,0.0
221,74,8,3,91.47,0.0
222,74,86,3,118.78,0.0
223,74,47,4,144.15,10.0
224,75,37,-4,143.56,0.0
225,75,21,-1,68.66,0.0
226,75,94,-3,115.85,20.0
227,75,55,-4,172.28,0.0
228,76,26,4,138.84,0.0
229,76,24,4,140.86,0.0
230,77,4,2,193.39,0.0
231,77,1,4,52.08,0.0
232,78,4,3,193.39,0.0
233,78,16,1,47.12,0.0
234,79,89,1,190.17,10.0
235,79,16,2,47.12,0.0
236,79,48,2,126.95,0.0
237,79,66,2,150.49,0.0
238,80,38,3,122.19,0.0
239,81,70,3,71.14,10.0
240,81,42,3,164.24,0.0
241,82,18,3,57.52,0.0
242,83,65,2,128.61,5.0
243,83,29,1,182.29,0.0
244,84,40,2,195.69,10.0
245,84,89,3,190.17,0.0
246,84,47,3,144.15,0.0
247,85,17,4,209.57,0.0
248,85,27,1,112.42,0.0
249,85,11,4,41.29,5.0
250,86,8,1,91.47,0.0
251,86,61,1,13.74,5.0
252,86,16,1,47.12,15.0
253,86,33,2,56.06,0.0
254,86,6,2,198.49,0.0
255,87,45,2,242.85,0.0
256,87,46,1,109.69,0.0
257,87,21,1,68.66,0.0
258,87,65,2,128.61,20.0
259,87,94,2,115.85,15.0
260,88,47,4,144.15,0.0
261,88,90,3,124.02,0.0
262,88,76,2,146.51,5.0
263,88,24,-3,140.86,0.0
264,89,93,1,161.42,0.0
265,89,6,4,198.49,0.0
266,89,11,3,41.29,0.0
267,89,42,4,164.24,0.0
268,89,64,4,7.71,0.0
269,90,2,4,110.24,0.0
270,90,87,4,36.97,0.0
271,91,95,2,135.85,0.0
272,92,55,4,172.28,0.0
273,92,93,3,161.42,5.0
274,93,36,3,64.71,0.0
275,93,19,2,232.32,0.0
276,93,59,2,137.97,0.0
277,93,14,1,132.45,10.0
278,93,16,4,47.12,0.0
279,94,80,4,210.36,5.0
280,94,13,2,156.19,0.0
281,94,10,4,118.69,0.0
282,94,85,3,22.63,0.0
283,94,67,1,231.81,20.0
284,95,57,3,205.57,10.0
285,95,59,2,137.97,0.0
286,95,5,2,242.5,0.0
287,95,23,4,165.25,0.0
288,96,74,1,59.17,0.0
289,96,61,4,13.74,0.0
290,96,72,3,58.72,0.0
291,96,21,-1,68.66,0.0
292,96,65,1,128.61,0.0
293,97,8,2,91.47,0.0
294,97,85,3,22.63,0.0
295,97,32,1,130.85,10.0
296,98,59,4,137.97,0.0
297,99,49,3,51.93,0.0
298,99,74,4,59.17,0.0
299,99,50,2,249.28,0.0
300,100,56,1,16.47,10.0
301,100,26,2,138.84,0.0
302,100,64,1,7.71,0.0
303,101,13,4,156.19,0.0
304,101,76,3,146.51,5.0
305,101,44,3,83.73,0.0
306,101,35,3,26.29,0.0
307,101,9,3,137.06,0.0
308,102,3,2,5.21,0.0
309,102,81,2,243.31,0.0
310,103,94,3,115.85,0.0
311,103,81,3,243.31,0.0
312,103,8,1,91.47,10.0
313,103,67,3,231.81,0.0
314,103,26,3,138.84,0.0
315,104,60,4,174.68,0.0
316,104,63,1,99.0,0.0
317,104,72,3,58.72,0.0
318,105,93,4,161.42,0.0
319,106,86,4,118.78,15.0
320,106,85,2,22.63,0.0
321,106,12,1,127.97,0.0
322,107,16,4,47.12,10.0
323,107,41,2,105.88,15.0
324,107,43,2,16.37,0.0
325,107,75,2,227.7,0.0
326,107,95,3,135.85,0.0
327,108,41,4,105.88,0.0
328,109,40,1,195.69,10.0
329,109,3,1,5.21,0.0
330,109,83,2,48.63,0.0
331,110,31,3,101.08,15.0
332,110,57,-2,205.57,10.0
333,110,50,2,249.28,0.0
334,110,2,4,110.24,0.0
335,110,51,1,109.23,15.0
336,111,21,3,68.66,0.0
337,112,89,2,190.17,0.0
338,112,4,2,193.39,0.0
339,112,7,2,189.9,0.0
340,112,83,3,48.63,0.0
341,113,77,4,177.17,5.0
342,113,88,3,6.71,0.0
343,114,11,3,41.29,0.0
344,114,54,4,156.93,15.0
345,115,81,3,243.31,5.0
346,115,30,2,231.76,0.0
347,115,12,4,127.97,0.0
348,115,60,2,174.68,0.0
349,115,26,3,138.84,0.0
350,116,16,2,47.12,15.0
351,116,29,3,182.29,0.0
352,116,92,4,80.29,0.0
353,116,27,4,112.42,10.0
354,117,19,2,232.32,15.0
355,117,4,3,193.39,0.0
356,117,38,-1,122.19,0.0
357,117,34,3,230.02,0.0
358,118,10,1,118.69,0.0
359,118,13,2,156.19,0.0
360,118,72,3,58.72,20.0
361,119,51,2,109.23,20.0
362,119,86,1,118.78,0.0
363,119,48,3,126.95,0.0
364,120,56,1,16.47,20.0
365,120,19,4,232.32,10.0
366,120,34,3,230.02,5.0
367,120,15,4,82.54,0.0
368,120,41,3,105.88,0.0
369,121,20,4,234.75,0.0
370,121,72,2,58.72,0.0
371,121,85,2,22.63,0.0
372,121,82,3,233.51,0.0
373,122,91,4,103.0,0.0
374,122,72,2,58.72,0.0
375,122,63,1,99.0,0.0
376,123,73,2,97.41,0.0
377,123,85,1,22.63,0.0
378,123,75,2,227.7,0.0
379,124,4,1,193.39,0.0
380,124,37,1,143.56,10.0
381,124,88,2,6.71,0.0
382,125,77,3,177.17,0.0
383,125,85,4,22.63,5.0
384,125,1,-2,52.08,0.0
385,126,78,2,244.02,0.0
386,126,49,4,51.93,0.0
387,126,12,2,127.97,0.0
388,126,52,4,107.61,0.0
389,126,33,2,56.06,0.0
390,127,46,1,109.69,0.0
391,127,86,4,118.78,0.0
392,128,79,4,81.42,0.0
393,128,24,3,140.86,20.0
394,128,56,2,16.47,0.0
395,129,56,2,16.47,20.0
396,129,11,3,41.29,10.0
397,129,62,4,155.64,0.0
398,129,39,1,150.02,0.0
399,130,60,3,174.68,0.0
400,131,23,1,165.25,0.0
401,131,24,3,140.86,0.0
402,131,51,4,109.23,5.0
403,131,6,4,198.49,0.0
404,132,78,3,244.02,10.0
405,133,2,2,110.24,0.0
406,134,80,4,210.36,10.0
407,134,79,1,81.42,0.0
408,134,47,1,144.15,0.0
409,135,84,4,143.06,10.0
410,135,31,2,101.08,0.0
411,136,20,4,234.75,20.0
412,136,95,4,135.85,0.0
413,137,7,4,189.9,20.0
414,137,43,4,16.37,5.0
415,137,2,3,110.24,0.0
416,137,14,4,132.45,0.0
417,138,3,1,5.21,0.0
418,138,55,4,172.28,10.0
419,138,74,1,59.17,0.0
420,138,41,3,105.88,0.0
421,138,71,4,249.99,0.0
422,139,65,3,128.61,15.0
423,139,29,4,182.29,0.0
424,140,61,-2,13.74,5.0
425,140,21,-4,68.66,0.0
426,140,80,-4,210.36,0.0
427,141,46,3,109.69,0.0
428,142,56,2,16.47,0.0
429,142,15,2,82.54,0.0
430,142,80,3,210.36,5.0
431,143,86,4,118.78,20.0
432,143,14,1,132.45,20.0
433,143,91,1,103.0,10.0
434,143,7,1,189.9,0.0
435,143,57,2,205.57,0.0
436,144,64,3,7.71,0.0
437,144,94,2,115.85,0.0
438,144,13,2,156.19,0.0
439,144,20,4,234.75,5.0
440,144,83,1,48.63,0.0
441,145,48,3,126.95,0.0
442,145,92,2,80.29,0.0
443,145,54,4,156.93,5.0
444,146,4,1,193.39,5.0
445,146,57,1,205.57,0.0
446,146,19,3,232.32,0.0
447,147,74,3,59.17,0.0
448,147,8,3,91.47,5.0
449,148,90,4,124.02,0.0
450,148,52,4,107.61,0.0
451,149,50,2,249.28,0.0
452,149,93,3,161.42,0.0
453,149,95,3,135.85,0.0
454,150,39,4,150.02,20.0
455,150,93,1,161.42,5.0
456,151,84,1,143.06,0.0
457,152,92,2,80.29,0.0
458,152,81,3,243.31,0.0
459,152,86,2,118.78,5.0
460,152,69,2,89.92,0.0
461,152,77,2,177.17,10.0
462,153,11,2,41.29,0.0
463,153,12,4,127.97,0.0
464,153,8,4,91.47,0.0
465,153,55,4,172.28,10.0
466,154,21,4,68.66,0.0
467,154,19,1,232.32,0.0
468,154,65,1,128.61,15.0
469,154,17,3,209.57,0.0
470,155,67,2,231.81,0.0
471,156,19,4,232.32,0.0
472,156,76,3,146.51,10.0
473,157,45,3,242.85,0.0
474,157,9,3,137.06,5.0
475,157,6,4,198.49,10.0
476,157,54,2,156.93,5.0
477,157,62,4,155.64,5.0
478,158,53,1,8.98,20.0
479,158,50,4,249.28,5.0
480,158,30,1,231.76,10.0
481,158,51,1,109.23,0.0
482,158,44,3,83.73,0.0
483,159,74,4,59.17,0.0
484,159,7,1,189.9,0.0
485,159,73,2,97.41,20.0
486,159,67,3,231.81,5.0
487,159,25,2,169.6,10.0
488,160,76,3,146.51,0.0
489,160,6,4,198.49,0.0
490,160,63,3,99.0,0.0
491,160,3,1,5.21,0.0
492,161,12,4,127.97,0.0
493,161,20,1,234.75,0.0
494,161,40,3,195.69,0.0
495,162,42,1,164.24,0.0
496,162,34,2,230.02,0.0
497,162,49,4,51.93,15.0
498,162,16,3,47.12,0.0
499,163,82,1,233.51,0.0
500,163,30,2,231.76,0.0
501,163,3,4,5.21,0.0
502,163,35,2,26.29,5.0
503,164,72,4,58.72,20.0
504,164,58,3,114.17,0.0
505,164,6,2,198.49,0.0
506,164,1,4,52.08,0.0
507,165,66,1,150.49,0.0
508,165,37,4,143.56,0.0
509,165,6,2,198.49,5.0
510,165,21,3,68.66,10.0
511,165,95,2,135.85,0.0
512,166,32,3,130.85,0.0
513,166,85,3,22.63,0.0
514,166,42,2,164.24,0.0
515,167,72,4,58.72,0.0
516,167,90,1,124.02,0.0
517,167,91,4,103.0,0.0
518,167,63,3,99.0,20.0
519,168,60,3,174.68,15.0
520,169,12,3,127.97,10.0
521,169,79,2,81.42,0.0
522,170,1,4,52.08,0.0
523,170,26,3,138.84,0.0
524,171,73,1,97.41,0.0
525,171,23,2,165.25,10.0
526,171,9,3,137.06,0.0
527,171,76,1,146.51,20.0
528,171,17,3,209.57,0.0
529,172,36,4,64.71,0.0
530,172,16,1,47.12,10.0
531,172,88,2,6.71,0.0
532,172,67,4,231.81,0.0
533,173,4,1,193.39,15.0
534,173,95,2,135.85,0.0
535,173,29,3,182.29,0.0
536,173,89,1,190.17,0.0
537,173,55,4,172.28,10.0
538,174,31,2,101.08,15.0
539,174,44,4,83.73,5.0
540,174,7,4,189.9,0.0
541,174,43,1,16.37,20.0
542,175,8,4,91.47,0.0
543,175,39,1,150.02,0.0
544,175,79,3,81.42,10.0
545,175,81,4,243.31,0.0
546,176,59,4,137.97,0.0
547,177,59,3,137.97,0.0
548,178,25,3,169.6,0.0
549,178,74,4,59.17,5.0
550,178,17,4,209.57,0.0
551,178,82,2,233.51,5.0
552,178,66,1,150.49,0.0
553,179,19,3,232.32,0.0
554,179,61,1,13.74,0.0
555,179,40,2,195.69,0.0
556,179,78,1,244.02,0.0
557,179,44,2,83.73,20.0
558,180,77,3,177.17,0.0
559,180,89,4,190.17,0.0
560,180,43,1,16.37,0.0
561,180,75,1,227.7,0.0
562,181,31,3,101.08,10.0
563,181,62,4,155.64,0.0
564,182,72,1,58.72,0.0
565,183,26,-2,138.84,0.0
566,184,26,2,138.84,10.0
567,184,3,1,5.21,0.0
568,185,59,3,137.97,15.0
569,185,31,4,101.08,0.0
570,185,48,2,126.95,0.0
571,186,77,2,177.17,15.0
572,186,55,2,172.28,10.0
573,186,82,3,233.51,5.0
574,187,63,1,99.0,0.0
575,187,27,4,112.42,5.0
576,187,94,3,115.85,0.0
577,187,11,4,41.29,0.0
578,187,61,3,13.74,0.0
579,188,82,2,233.51,0.0
580,188,75,2,227.7,0.0
581,188,84,2,143.06,0.0
582,188,5,3,242.5,0.0
583,189,18,1,57.52,0.0
584,190,80,4,210.36,0.0
585,190,44,4,83.73,0.0
586,190,55,4,172.28,0.0
587,190,58,4,114.17,0.0
588,190,60,1,174.68,0.0
589,191,36,2,64.71,0.0
590,192,87,3,36.97,0.0
591,192,43,3,16.37,0.0
592,193,37,4,143.56,5.0
593,193,45,1,242.85,0.0
594,193,52,2,107.61,0.0
595,194,93,3,161.42,10.0
596,194,60,4,174.68,5.0
597,194,44,4,83.73,0.0
598,194,11,4,41.29,10.0
599,195,64,3,7.71,0.0
600,196,42,1,164.24,0.0
601,196,76,3,146.51,5.0
602,196,3,4,5.21,0.0
603,197,43,4,16.37,0.0
604,198,5,4,242.5,0.0
605,198,89,2,190.17,0.0
606,199,59,1,137.97,0.0
607,200,17,4,209.57,0.0
608,201,56,4,16.47,0.0
609,201,91,3,103.0,0.0
610,201,86,4,118.78,0.0
611,202,68,4,85.39,0.0
612,202,43,1,16.37,5.0
613,203,79,2,81.42,10.0
614,203,23,4,165.25,0.0
615,203,54,2,156.93,0.0
616,203,32,1,130.85,0.0
617,204,38,2,122.19,15.0
618,204,86,4,118.78,20.0
619,204,9,1,137.06,20.0
620,204,90,1,124.02,5.0
621,204,93,3,161.42,0.0
622,205,10,4,118.69,0.0
623,206,91,2,103.0,0.0
624,207,92,2,80.29,0.0
625,207,57,3,205.57,10.0
626,208,69,4,89.92,0.0
627,209,28,1,83.19,10.0
628,209,92,2,80.29,0.0
629,210,89,1,190.17,0.0
630,210,40,4,195.69,5.0
631,210,57,2,205.57,0.0
632,210,7,2,189.9,0.0
633,211,29,1,182.29,5.0
634,212,42,3,164.24,0.0
635,213,30,2,231.76,0.0
636,214,50,2,249.28,0.0
637,215,6,4,198.49,0.0
638,215,9,4,137.06,20.0
639,215,28,1,83.19,5.0
640,216,87,2,36.97,0.0
641,216,89,3,190.17,20.0
642,216,18,4,57.52,0.0
643,216,43,1,16.37,0.0
644,217,76,1,146.51,0.0
645,217,91,4,103.0,5.0
646,217,2,1,110.24,0.0
647,217,30,3,231.76,0.0
648,217,3,2,5.21,0.0
649,218,95,3,135.85,0.0
650,218,43,1,16.37,0.0
651,218,18,4,57.52,0.0
652,218,36,3,64.71,5.0
653,219,7,2,189.9,0.0
654,219,86,4,118.78,0.0
655,219,32,2,130.85,0.0
656,219,88,1,6.71,0.0
657,219,90,4,124.02,0.0
658,220,23,-2,165.25,0.0
659,221,78,3,244.02,0.0
660,221,32,4,130.85,20.0
661,222,49,4,51.93,0.0
662,222,22,4,240.26,5.0
663,222,61,4,13.74,0.0
664,222,57,4,205.57,0.0
665,223,33,4,56.06,0.0
666,223,49,3,51.93,0.0
667,224,20,1,234.75,0.0
668,224,25,3,169.6,0.0
669,225,83,4,48.63,20.0
670,225,76,1,146.51,0.0
671,225,10,2,118.69,20.0
672,226,84,4,143.06,5.0
673,227,34,4,230.02,15.0
674,227,78,2,244.02,0.0
675,228,83,4,48.63,0.0
676,229,33,4,56.06,0.0
677,229,89,4,190.17,5.0
678,229,39,1,150.02,0.0
679,229,65,3,128.61,10.0
680,230,22,-4,240.26,0.0
681,231,23,2,165.25,5.0
682,231,48,2,126.95,0.0
683,232,8,2,91.47,0.0
684,232,24,4,140.86,0.0
685,233,16,1,47.12,0.0
686,233,36,4,64.71,0.0
687,233,9,1,137.06,0.0
688,233,44,3,83.73,5.0
689,234,1,4,52.08,0.0
690,234,49,3,51.93,0.0
691,234,78,3,244.02,0.0
692,234,67,3,231.81,20.0
693,234,35,2,26.29,15.0
694,235,1,4,52.08,10.0
695,236,68,3,85.39,20.0
696,237,53,3,8.98,0.0
697,237,85,3,22.63,10.0
698,237,25,3,169.6,0.0
699,237,1,2,52.08,0.0
700,237,82,4,233.51,5.0
701,238,38,2,122.19,10.0
702,238,78,1,244.02,0.0
703,238,25,1,169.6,0.0
704,238,92,4,80.29,0.0
705,239,22,1,240.26,0.0
706,239,85,1,22.63,0.0
707,240,86,4,118.78,0.0
708,240,16,3,47.12,10.0
709,240,18,1,57.52,0.0
710,240,69,4,89.92,15.0
711,241,34,-3,230.02,0.0
712,241,15,2,82.54,0.0
713,242,40,1,195.69,0.0
714,243,85,4,22.63,0.0
715,243,78,4,244.02,0.0
716,243,76,3,146.51,10.0
717,243,29,4,182.29,0.0
718,243,14,2,132.45,0.0
719,244,65,3,128.61,20.0
720,244,89,4,190.17,0.0
721,244,16,2,47.12,0.0
722,245,90,1,124.02,15.0
723,245,95,2,135.85,10.0
724,246,44,3,83.73,5.0
725,246,55,4,172.28,0.0
726,246,87,3,36.97,0.0
727,246,61,2,13.74,5.0
728,247,91,3,103.0,0.0
729,248,19,2,232.32,5.0
730,248,27,1,112.42,0.0
731,248,28,1,83.19,0.0
732,249,61,1,13.74,20.0
733,249,23,3,165.25,0.0
734,249,7,2,189.9,0.0
735,250,39,4,150.02,5.0
736,250,89,1,190.17,5.0
737,250,77,4,177.17,0.0
738,250,23,4,165.25,0.0
739,251,29,3,182.29,0.0
740,251,3,1,5.21,5.0
741,251,76,2,146.51,0.0
742,251,74,4,59.17,0.0
743,251,62,2,155.64,0.0
744,252,51,4,109.23,0.0
745,253,77,-2,177.17,0.0
746,253,89,-3,190.17,0.0
747,254,11,1,41.29,0.0
748,255,39,3,150.02,0.0
749,255,6,4,198.49,0.0
750,256,66,1,150.49,0.0
751,256,27,2,112.42,0.0
752,256,89,2,190.17,20.0
753,256,13,2,156.19,0.0
754,256,85,3,22.63,0.0
755,257,52,1,107.61,15.0
756,257,59,4,137.97,15.0
757,258,92,2,80.29,0.0
758,258,48,2,126.95,0.0
759,259,16,4,47.12,0.0
760,259,69,1,89.92,0.0
761,259,15,3,82.54,5.0
762,260,49,1,51.93,0.0
763,260,14,3,132.45,0.0
764,261,71,1,249.99,10.0
765,261,35,2,26.29,0.0
766,261,78,4,244.02,0.0
767,262,34,2,230.02,0.0
768,262,2,2,110.24,0.0
769,263,54,3,156.93,0.0
770,263,91,3,103.0,0.0
771,263,59,2,137.97,10.0
772,263,24,3,140.86,0.0
773,263,57,1,205.57,0.0
774,264,71,4,249.99,0.0
775,264,64,2,7.71,0.0
776,264,2,1,110.24,0.0
777,265,32,1,130.85,20.0
778,265,95,-2,135.85,0.0
779,265,85,2,22.63,20.0
780,266,87,1,36.97,0.0
781,266,32,4,130.85,0.0
782,266,70,2,71.14,0.0
783,267,60,4,174.68,0.0
784,268,1,3,52.08,10.0
785,269,26,2,138.84,0.0
786,269,11,4,41.29,0.0
787,269,68,3,85.39,0.0
788,269,66,4,150.49,0.0
789,270,85,3,22.63,5.0
790,270,57,1,205.57,0.0
791,270,21,2,68.66,0.0
792,270,18,3,57.52,0.0
793,271,62,-3,155.64,0.0
794,271,86,4,118.78,5.0
795,272,3,2,5.21,0.0
796,273,77,4,177.17,0.0
797,273,95,4,135.85,0.0
798,273,2,4,110.24,0.0
799,273,56,2,16.47,5.0
800,274,26,2,138.84,0.0
801,274,61,2,13.74,0.0
802,274,91,2,103.0,0.0
803,274,14,3,132.45,20.0
804,275,49,4,51.93,0.0
805,276,55,3,172.28,0.0
806,276,83,3,48.63,5.0
807,276,7,2,189.9,0.0
808,276,39,1,150.02,0.0
809,276,15,1,82.54,0.0
810,277,56,2,16.47,0.0
811,278,88,2,6.71,0.0
812,279,27,1,112.42,10.0
813,279,75,2,227.7,0.0
814,279,50,1,249.28,0.0
815,280,80,2,210.36,0.0
816,280,44,-2,83.73,0.0
817,280,39,3,150.02,5.0
818,280,93,3,161.42,0.0
819,280,61,1,13.74,0.0
820,281,90,1,124.02,20.0
821,281,17,1,209.57,5.0
822,281,38,2,122.19,5.0
823,282,57,4,205.57,0.0
824,282,66,-3,150.49,0.0
825,283,91,2,103.0,0.0
826,283,93,3,161.42,0.0
827,283,68,2,85.39,0.0
828,283,34,2,230.02,0.0
829,283,39,2,150.02,15.0
830,284,69,1,89.92,0.0
831,284,15,3,82.54,0.0
832,285,42,1,164.24,0.0
833,285,8,-3,91.47,20.0
834,285,81,1,243.31,0.0
835,286,29,-4,182.29,0.0
836,286,42,4,164.24,15.0
837,286,35,1,26.29,0.0
838,286,27,-2,112.42,0.0
839,287,51,2,109.23,0.0
840,287,88,1,6.71,0.0
841,288,94,1,115.85,0.0
842,288,2,1,110.24,0.0
843,289,19,1,232.32,5.0
844,289,81,1,243.31,20.0
845,289,77,1,177.17,0.0
846,290,57,2,205.57,0.0
847,290,21,3,68.66,0.0
848,290,40,1,195.69,0.0
849,290,43,1,16.37,0.0
850,290,62,3,155.64,0.0
851,291,50,3,249.28,0.0
852,291,19,4,232.32,0.0
853,291,46,1,109.69,0.0
854,291,84,1,143.06,0.0
855,292,11,2,41.29,0.0
856,292,6,3,198.49,0.0
857,292,78,4,244.02,0.0
858,293,64,3,7.71,10.0
859,293,85,1,22.63,5.0
860,293,48,2,126.95,5.0
861,294,15,4,82.54,20.0
862,295,46,4,109.69,0.0
863,295,41,4,105.88,0.0
864,295,64,3,7.71,0.0
865,295,55,2,172.28,0.0
866,296,30,4,231.76,0.0
867,296,50,2,249.28,5.0
868,296,11,2,41.29,0.0
869,296,75,2,227.7,20.0
870,296,92,1,80.29,0.0
871,297,38,2,122.19,10.0
872,297,59,4,137.97,0.0
873,298,94,-3,115.85,0.0
874,298,4,1,193.39,0.0
875,298,90,-2,124.02,0.0
876,298,55,-1,172.28,0.0
877,299,90,3,124.02,0.0
878,299,39,1,150.02,0.0
879,299,61,2,13.74,0.0
880,299,53,1,8.98,0.0
881,299,93,2,161.42,0.0
882,300,92,2,80.29,0.0
883,300,34,2,230.02,0.0
884,300,74,1,59.17,0.0
885,300,65,2,128.61,5.0
886,300,40,4,195.69,0.0
887,301,62,4,155.64,10.0
888,301,41,2,105.88,0.0
889,301,84,3,143.06,0.0
890,301,83,2,48.63,0.0
891,302,37,1,143.56,0.0
892,302,21,1,68.66,5.0
893,303,35,1,26.29,0.0
894,303,11,4,41.29,0.0
895,304,65,3,128.61,20.0
896,304,25,1,169.6,0.0
897,304,41,1,105.88,0.0
898,304,51,2,109.23,0.0
899,305,88,1,6.71,10.0
900,305,60,1,174.68,20.0
901,306,67,4,231.81,5.0
902,306,94,3,115.85,0.0
903,306,78,4,244.02,0.0
904,306,84,4,143.06,0.0
905,306,44,1,83.73,20.0
906,307,71,1,249.99,0.0
907,307,12,2,127.97,15.0
908,307,64,2,7.71,0.0
909,308,34,2,230.02,15.0
910,308,61,4,13.74,0.0
911,308,33,3,56.06,0.0
912,308,57,2,205.57,0.0
913,309,58,1,114.17,5.0
914,309,34,2,230.02,0.0
915,309,88,1,6.71,0.0
916,309,6,1,198.49,0.0
917,309,80,2,210.36,0.0
918,310,60,4,174.68,0.0
919,310,83,2,48.63,5.0
920,310,69,4,89.92,5.0
921,311,63,1,99.0,0.0
922,311,28,1,83.19,0.0
923,311,90,4,124.02,0.0
924,311,95,2,135.85,0.0
925,311,61,1,13.74,20.0
926,312,7,1,189.9,20.0
927,312,28,4,83.19,0.0
928,313,39,4,150.02,10.0
929,314,55,3,172.28,0.0
930,315,90,3,124.02,15.0
931,315,56,4,16.47,10.0
932,316,19,3,232.32,0.0
933,316,42,4,164.24,15.0
934,316,86,4,118.78,10.0
935,316,94,1,115.85,5.0
936,316,95,4,135.85,0.0
937,317,13,2,156.19,0.0
938,317,5,2,242.5,0.0
939,317,28,2,83.19,20.0
940,317,25,1,169.6,0.0
941,317,54,3,156.93,0.0
942,318,53,3,8.98,0.0
943,318,46,2,109.69,0.0
944,318,70,3,71.14,0.0
945,318,55,2,172.28,0.0
946,319,13,4,156.19,0.0
947,319,12,1,127.97,0.0
948,319,14,1,132.45,0.0
949,319,84,4,143.06,0.0
950,319,3,4,5.21,0.0
951,320,53,4,8.98,0.0
952,320,83,3,48.63,5.0
953,320,91,3,103.0,0.0
954,320,95,3,135.85,0.0
955,321,4,2,193.39,5.0
956,322,56,4,16.47,10.0
957,322,31,4,101.08,0.0
958,322,72,4,58.72,20.0
959,322,51,2,109.23,0.0
960,322,25,3,169.6,0.0
961,323,51,3,109.23,0.0
962,323,81,1,243.31,0.0
963,323,34,1,230.02,0.0
964,323,71,2,249.99,0.0
965,323,21,1,68.66,0.0
966,324,24,2,140.86,0.0
967,324,31,2,101.08,5.0
968,324,84,4,143.06,5.0
969,325,14,1,132.45,0.0
970,325,15,3,82.54,10.0
971,325,59,1,137.97,0.0
972,325,77,3,177.17,15.0
973,325,16,2,47.12,0.0
974,326,27,4,112.42,0.0
975,327,23,1,165.25,0.0
976,328,21,3,68.66,15.0
977,329,20,3,234.75,0.0
978,329,28,1,83.19,5.0
979,329,47,2,144.15,0.0
980,329,15,4,82.54,0.0
981,329,4,1,193.39,0.0
982,330,66,2,150.49,0.0
983,330,52,3,107.61,20.0
984,330,25,1,169.6,0.0
985,330,33,3,56.06,0.0
986,331,35,4,26.29,0.0
987,331,41,3,105.88,0.0
988,331,80,1,210.36,0.0
989,331,14,1,132.45,20.0
990,331,78,3,244.02,0.0
991,332,15,2,82.54,10.0
992,333,48,1,126.95,0.0
993,333,19,1,232.32,5.0
994,333,41,2,105.88,0.0
995,334,28,1,83.19,0.0
996,334,68,4,85.39,0.0
997,334,14,4,132.45,0.0
998,334,72,3,58.72,0.0
999,334,36,1,64.71,10.0
1000,335,22,4,240.26,0.0
1001,335,77,1,177.17,0.0
1002,335,42,1,164.24,15.0
1003,335,76,3,146.51,0.0
1004,336,9,4,137.06,0.0
1005,337,11,1,41.29,0.0
1006,337,72,4,58.72,0.0
1007,337,41,1,105.88,10.0
1008,337,64,1,7.71,0.0
1009,338,22,2,240.26,5.0
1010,338,12,3,127.97,10.0
1011,339,7,-3,189.9,0.0
1012,340,16,4,47.12,0.0
1013,340,17,2,209.57,0.0
1014,340,41,3,105.88,5.0
1015,340,19,-2,232.32,5.0
1016,341,89,1,190.17,20.0
1017,341,10,1,118.69,0.0
1018,342,44,2,83.73,10.0
1019,343,65,2,128.61,0.0
1020,343,14,3,132.45,0.0
1021,344,36,4,64.71,0.0
1022,345,15,-2,82.54,0.0
1023,346,16,3,47.12,0.0
1024,346,71,2,249.99,0.0
1025,346,11,4,41.29,0.0
1026,347,94,2,115.85,0.0
1027,347,55,3,172.28,0.0
1028,347,25,4,169.6,0.0
1029,347,38,1,122.19,0.0
1030,348,35,3,26.29,0.0
1031,348,31,4,101.08,0.0
1032,348,9,1,137.06,0.0
1033,348,69,3,89.92,0.0
1034,348,13,2,156.19,5.0
1035,349,24,4,140.86,5.0
1036,350,59,4,137.97,0.0
1037,350,19,1,232.32,0.0
1038,350,2,3,110.24,10.0
1039,351,75,4,227.7,0.0
1040,351,1,1,52.08,0.0
1041,351,63,3,99.0,10.0
1042,351,32,2,130.85,5.0
1043,352,70,4,71.14,0.0
1044,352,33,4,56.06,0.0
1045,352,85,3,22.63,0.0
1046,353,88,1,6.71,0.0
1047,353,67,4,231.81,10.0
1048,353,94,2,115.85,0.0
1049,354,25,4,169.6,0.0
1050,355,34,3,230.02,0.0
1051,355,87,4,36.97,0.0
1052,356,16,3,47.12,0.0
1053,356,56,1,16.47,0.0
1054,356,59,2,137.97,0.0
1055,356,73,2,97.41,0.0
1056,356,45,3,242.85,0.0
1057,357,59,1,137.97,0.0
1058,358,46,3,109.69,0.0
1059,358,85,3,22.63,5.0
1060,358,1,2,52.08,20.0
1061,358,7,3,189.9,0.0
1062,359,61,3,13.74,0.0
1063,360,40,3,195.69,10.0
1064,360,23,2,165.25,0.0
1065,360,73,2,97.41,0.0
1066,360,56,4,16.47,0.0
1067,360,87,3,36.97,0.0
1068,361,56,4,16.47,0.0
1069,361,13,3,156.19,0.0
1070,361,18,4,57.52,0.0
1071,361,68,1,85.39,0.0
1072,362,17,3,209.57,0.0
1073,362,80,4,210.36,0.0
1074,362,70,1,71.14,0.0
1075,363,84,1,143.06,10.0
1076,363,14,4,132.45,0.0
1077,363,43,1,16.37,0.0
1078,364,19,2,232.32,10.0
1079,364,72,2,58.72,0.0
1080,364,95,3,135.85,5.0
1081,364,64,1,7.71,10.0
1082,364,18,2,57.52,0.0
1083,365,27,4,112.42,0.0
1084,365,14,4,132.45,0.0
1085,366,34,1,230.02,0.0
1086,366,79,1,81.42,0.0
1087,366,88,2,6.71,0.0
1088,366,57,2,205.57,0.0
1089,366,85,3,22.63,0.0
1090,367,50,4,249.28,10.0
1091,367,90,2,124.02,0.0
1092,367,14,4,132.45,0.0
1093,367,60,4,174.68,0.0
1094,368,18,-4,57.52,20.0
1095,368,60,3,174.68,10.0
1096,368,93,2,161.42,5.0
1097,369,84,3,143.06,0.0
1098,369,93,2,161.42,0.0
1099,369,73,3,97.41,15.0
1100,370,74,3,59.17,0.0
1101,370,91,3,103.0,0.0
1102,371,4,2,193.39,0.0
1103,372,14,4,132.45,0.0
1104,372,23,-1,165.25,0.0
1105,373,23,3,165.25,0.0
1106,374,33,4,56.06,0.0
1107,374,63,2,99.0,0.0
1108,375,4,1,193.39,10.0
1109,375,81,1,243.31,0.0
1110,375,86,4,118.78,0.0
1111,375,13,1,156.19,0.0
1112,375,27,4,112.42,0.0
1113,376,80,1,210.36,0.0
1114,376,72,4,58.72,10.0
1115,376,18,1,57.52,0.0
1116,377,77,3,177.17,0.0
1117,378,10,2,118.69,10.0
1118,378,69,3,89.92,0.0
1119,378,74,1,59.17,0.0
1120,379,44,4,83.73,0.0
1121,380,31,4,101.08,0.0
1122,381,77,4,177.17,0.0
1123,381,95,-1,135.85,0.0
1124,381,79,2,81.42,0.0
1125,381,11,3,41.29,10.0
1126,382,49,4,51.93,0.0
1127,382,88,4,6.71,0.0
1128,382,95,4,135.85,5.0
1129,382,3,2,5.21,0.0
1130,382,71,1,249.99,10.0
1131,383,30,1,231.76,0.0
1132,383,12,1,127.97,20.0
1133,384,57,3,205.57,0.0
1134,384,24,3,140.86,0.0
1135,385,85,1,22.63,0.0
1136,386,47,2,144.15,0.0
1137,386,71,3,249.99,0.0
1138,386,38,1,122.19,0.0
1139,387,18,2,57.52,0.0
1140,387,67,2,231.81,0.0
1141,388,3,4,5.21,10.0
1142,389,36,4,64.71,0.0
1143,390,24,1,140.86,0.0
1144,390,85,1,22.63,0.0
1145,390,56,3,16.47,15.0
1146,390,69,3,89.92,15.0
1147,391,55,1,172.28,0.0
1148,391,94,3,115.85,10.0
1149,391,95,4,135.85,0.0
1150,391,8,3,91.47,0.0
1151,392,88,2,6.71,0.0
1152,392,36,-4,64.71,0.0
1153,392,11,3,41.29,5.0
1154,393,23,1,165.25,0.0
1155,393,57,4,205.57,0.0
1156,393,60,3,174.68,0.0
1157,394,79,1,81.42,0.0
1158,394,71,3,249.99,5.0
1159,394,41,3,105.88,0.0
1160,395,30,1,231.76,0.0
1161,396,71,2,249.99,0.0
1162,397,31,4,101.08,0.0
1163,397,45,1,242.85,0.0
1164,397,14,3,132.45,0.0
1165,397,10,4,118.69,0.0
1166,397,65,4,128.61,10.0
1167,398,84,1,143.06,0.0
1168,398,48,1,126.95,0.0
1169,398,61,2,13.74,15.0
1170,398,38,1,122.19,0.0
1171,399,49,1,51.93,0.0
1172,399,75,2,227.7,0.0
1173,400,94,1,115.85,0.0
1174,400,54,4,156.93,0.0
1175,400,69,2,89.92,10.0
1176,400,16,3,47.12,15.0
1177,400,68,3,85.39,0.0
1178,401,57,4,205.57,0.0
1179,401,94,3,115.85,0.0
1180,402,54,2,156.93,0.0
1181,402,30,2,231.76,5.0
1182,402,73,3,97.41,0.0
1183,402,17,4,209.57,0.0
1184,403,22,1,240.26,0.0
1185,404,4,2,193.39,0.0
1186,404,89,4,190.17,15.0
1187,404,22,3,240.26,0.0
1188,404,10,2,118.69,5.0
1189,405,14,3,132.45,15.0
1190,405,93,4,161.42,0.0
1191,405,6,4,198.49,0.0
1192,405,10,4,118.69,5.0
1193,405,95,2,135.85,5.0
1194,406,48,3,126.95,0.0
1195,406,87,3,36.97,15.0
1196,406,84,1,143.06,0.0
1197,406,59,4,137.97,0.0
1198,406,49,4,51.93,0.0
1199,407,56,3,16.47,0.0
1200,407,67,3,231.81,0.0
1201,408,29,1,182.29,15.0
1202,408,22,3,240.26,0.0
1203,408,37,2,143.56,0.0
1204,408,34,2,230.02,0.0
1205,409,48,2,126.95,0.0
1206,410,38,1,122.19,0.0
1207,410,15,-3,82.54,0.0
1208,410,92,3,80.29,0.0
1209,410,91,3,103.0,5.0
1210,411,36,1,64.71,5.0
1211,411,59,3,137.97,10.0
1212,411,81,1,243.31,0.0
1213,412,82,1,233.51,0.0
1214,413,61,2,13.74,5.0
1215,413,20,3,234.75,0.0
1216,413,63,1,99.0,20.0
1217,414,27,3,112.42,0.0
1218,414,91,2,103.0,0.0
1219,414,23,4,165.25,0.0
1220,414,5,2,242.5,10.0
1221,414,54,2,156.93,10.0
1222,415,62,3,155.64,0.0
1223,415,38,4,122.19,0.0
1224,415,13,4,156.19,0.0
1225,415,29,4,182.29,20.0
1226,415,15,1,82.54,0.0
1227,416,88,3,6.71,0.0
1228,416,31,4,101.08,0.0
1229,416,4,3,193.39,0.0
1230,416,38,3,122.19,0.0
1231,417,94,1,115.85,0.0
1232,417,29,4,182.29,0.0
1233,417,44,2,83.73,0.0
1234,417,82,1,233.51,15.0
1235,418,12,1,127.97,0.0
1236,418,91,2,103.0,0.0
1237,418,43,2,16.37,20.0
1238,418,46,4,109.69,10.0
1239,419,28,1,83.19,0.0
1240,419,71,1,249.99,5.0
1241,419,94,1,115.85,0.0
1242,419,32,4,130.85,0.0
1243,420,35,1,26.29,10.0
1244,421,10,1,118.69,0.0
1245,422,95,4,135.85,0.0
1246,423,36,1,64.71,0.0
1247,423,59,4,137.97,0.0
1248,423,26,4,138.84,0.0
1249,424,32,4,130.85,20.0
1250,424,49,1,51.93,0.0
1251,424,3,1,5.21,0.0
1252,424,64,2,7.71,0.0
1253,424,94,4,115.85,0.0
1254,425,27,2,112.42,0.0
1255,425,63,4,99.0,0.0
1256,426,33,3,56.06,0.0
1257,426,53,4,8.98,0.0
1258,426,40,2,195.69,5.0
1259,426,95,4,135.85,0.0
1260,427,14,4,132.45,0.0
1261,428,15,2,82.54,0.0
1262,428,5,4,242.5,0.0
1263,428,55,4,172.28,0.0
1264,428,64,3,7.71,0.0
1265,429,48,3,126.95,0.0
1266,429,73,3,97.41,0.0
1267,429,84,-4,143.06,0.0
1268,429,22,-2,240.26,5.0
1269,429,19,-4,232.32,0.0
1270,430,89,4,190.17,0.0
1271,430,13,1,156.19,0.0
1272,431,45,1,242.85,15.0
1273,431,81,3,243.31,0.0
1274,432,33,-2,56.06,0.0
1275,432,72,-2,58.72,0.0
1276,432,70,-1,71.14,0.0
1277,432,83,4,48.63,5.0
1278,433,22,2,240.26,20.0
1279,433,1,1,52.08,15.0
1280,434,7,2,189.9,0.0
1281,435,16,4,47.12,0.0
1282,435,31,3,101.08,10.0
1283,435,72,2,58.72,15.0
1284,435,51,3,109.23,10.0
1285,435,49,4,51.93,5.0
1286,436,60,4,174.68,0.0
1287,436,86,2,118.78,0.0
1288,436,45,2,242.85,15.0
1289,437,76,3,146.51,0.0
1290,438,83,3,48.63,0.0
1291,439,74,1,59.17,15.0
1292,440,14,2,132.45,5.0
1293,440,5,2,242.5,10.0
1294,440,48,2,126.95,0.0
1295,440,4,1,193.39,0.0
1296,440,79,1,81.42,0.0
1297,441,43,3,16.37,10.0
1298,442,54,2,156.93,0.0
1299,442,86,-3,118.78,0.0
1300,442,8,3,91.47,0.0
1301,442,9,-4,137.06,5.0
1302,443,60,1,174.68,0.0
1303,443,73,4,97.41,0.0
1304,443,90,1,124.02,0.0
1305,444,2,3,110.24,0.0
1306,444,28,2,83.19,0.0
1307,445,23,3,165.25,0.0
1308,445,36,2,64.71,0.0
1309,445,18,2,57.52,0.0
1310,446,46,4,109.69,0.0
1311,446,75,-2,227.7,10.0
1312,446,47,-4,144.15,0.0
1313,446,45,4,242.85,10.0
1314,447,66,2,150.49,0.0
1315,448,61,4,13.74,0.0
1316,448,18,3,57.52,0.0
1317,449,21,4,68.66,0.0
1318,450,60,2,174.68,5.0
1319,450,70,4,71.14,10.0
1320,451,32,3,130.85,0.0
1321,451,33,4,56.06,0.0
1322,451,93,2,161.42,5.0
1323,451,48,1,126.95,0.0
1324,452,22,2,240.26,20.0
1325,452,39,2,150.02,0.0
1326,452,77,3,177.17,5.0
1327,452,90,1,124.02,20.0
1328,452,68,3,85.39,5.0
1329,453,85,2,22.63,0.0
1330,454,56,2,16.47,0.0
1331,454,12,3,127.97,0.0
1332,455,61,4,13.74,10.0
1333,455,86,2,118.78,5.0
1334,456,37,4,143.56,0.0
1335,456,87,1,36.97,0.0
1336,456,94,1,115.85,0.0
1337,457,79,4,81.42,15.0
1338,458,56,4,16.47,0.0
1339,458,12,4,127.97,0.0
1340,458,44,3,83.73,0.0
1341,459,88,1,6.71,0.0
1342,459,67,1,231.81,0.0
1343,459,14,4,132.45,10.0
1344,459,60,1,174.68,0.0
1345,460,63,4,99.0,0.0
1346,461,78,4,244.02,0.0
1347,462,55,4,172.28,10.0
1348,462,69,1,89.92,0.0
1349,463,94,3,115.85,0.0
1350,463,59,4,137.97,0.0
1351,463,56,1,16.47,10.0
1352,463,7,3,189.9,0.0
1353,463,60,3,174.68,0.0
1354,464,3,1,5.21,0.0
1355,464,58,3,114.17,5.0
1356,464,42,4,164.24,0.0
1357,464,39,1,150.02,0.0
1358,465,59,2,137.97,15.0
1359,465,89,4,190.17,0.0
1360,465,80,3,210.36,0.0
1361,466,44,3,83.73,0.0
1362,467,74,3,59.17,0.0
1363,467,34,2,230.02,0.0
1364,468,65,4,128.61,15.0
1365,468,86,3,118.78,0.0
1366,468,6,4,198.49,0.0
1367,469,82,3,233.51,0.0
1368,469,41,3,105.88,5.0
1369,469,13,4,156.19,0.0
1370,469,29,3,182.29,0.0
1371,469,3,4,5.21,15.0
1372,470,60,2,174.68,0.0
1373,470,64,2,7.71,0.0
1374,471,72,3,58.72,0.0
1375,471,45,3,242.85,0.0
1376,471,11,4,41.29,0.0
1377,471,27,2,112.42,0.0
1378,472,31,4,101.08,0.0
1379,472,49,1,51.93,0.0
1380,472,69,2,89.92,0.0
1381,472,17,1,209.57,0.0
1382,473,28,3,83.19,0.0
1383,473,54,3,156.93,0.0
1384,473,77,3,177.17,0.0
1385,474,58,4,114.17,0.0
1386,474,21,3,68.66,5.0
1387,474,23,2,165.25,0.0
1388,475,82,2,233.51,0.0
1389,475,4,1,193.39,0.0
1390,476,81,1,243.31,5.0
1391,476,61,4,13.74,0.0
1392,476,88,2,6.71,10.0
1393,476,12,2,127.97,0.0
1394,476,48,2,126.95,0.0
1395,477,74,4,59.17,0.0
1396,477,60,4,174.68,20.0
1397,478,32,1,130.85,0.0
1398,478,60,1,174.68,0.0
1399,479,92,1,80.29,0.0
1400,479,69,1,89.92,0.0
1401,479,16,4,47.12,10.0
1402,480,55,3,172.28,5.0
1403,480,16,1,47.12,5.0
1404,480,14,3,132.45,0.0
1405,480,19,3,232.32,0.0
1406,481,59,4,137.97,5.0
1407,482,73,1,97.41,5.0
1408,482,36,2,64.71,0.0
1409,482,77,1,177.17,0.0
1410,483,82,3,233.51,0.0
1411,483,40,2,195.69,0.0
1412,483,61,3,13.74,10.0
1413,483,92,3,80.29,0.0
1414,483,57,1,205.57,10.0
1415,484,93,4,161.42,0.0
1416,484,66,2,150.49,20.0
1417,484,67,2,231.81,0.0
1418,485,68,2,85.39,0.0
1419,485,62,4,155.64,0.0
1420,486,36,1,64.71,0.0
1421,486,78,3,244.02,0.0
1422,487,86,1,118.78,20.0
1423,487,5,1,242.5,0.0
1424,487,52,1,107.61,20.0
1425,488,95,2,135.85,0.0
1426,488,24,4,140.86,0.0
1427,488,89,3,190.17,0.0
1428,489,8,2,91.47,0.0
1429,489,27,-4,112.42,10.0
1430,489,30,1,231.76,0.0
1431,490,13,2,156.19,0.0
1432,490,70,3,71.14,0.0
1433,491,76,4,146.51,20.0
1434,491,82,3,233.51,5.0
1435,492,66,3,150.49,0.0
1436,492,37,3,143.56,0.0
1437,492,83,-4,48.63,5.0
1438,492,39,2,150.02,0.0
1439,493,87,3,36.97,0.0
1440,493,39,2,150.02,0.0
1441,493,13,1,156.19,5.0
1442,493,57,2,205.57,0.0
1443,494,79,2,81.42,0.0
1444,494,27,2,112.42,5.0
1445,494,74,2,59.17,10.0
1446,495,93,4,161.42,15.0
1447,495,35,3,26.29,0.0
1448,495,30,3,231.76,0.0
1449,495,34,3,230.02,10.0
1450,496,1,3,52.08,0.0
1451,496,52,2,107.61,20.0
1452,496,8,3,91.47,0.0
1453,496,53,2,8.98,0.0
1454,497,49,2,51.93,5.0
1455,497,42,4,164.24,10.0
1456,497,72,1,58.72,0.0
1457,497,95,2,135.85,0.0
1458,498,32,4,130.85,0.0
1459,498,36,1,64.71,0.0
1460,498,78,3,244.02,0.0
1461,498,76,4,146.51,15.0
1462,499,20,3,234.75,0.0
1463,499,76,1,146.51,0.0
1464,500,89,1,190.17,10.0
1465,500,3,3,5.21,20.0
1466,500,18,3,57.52,15.0
1467,501,47,3,144.15,0.0
1468,501,43,1,16.37,0.0
1469,501,26,4,138.84,0.0
1470,501,87,4,36.97,5.0
1471,502,5,4,242.5,0.0
1472,502,65,3,128.61,0.0
1473,502,42,1,164.24,0.0
1474,502,69,1,89.92,0.0
1475,503,10,4,118.69,10.0
1476,503,88,4,6.71,0.0
1477,504,44,4,83.73,10.0
1478,504,59,4,137.97,0.0
1479,504,68,1,85.39,0.0
1480,504,89,4,190.17,0.0
1481,504,95,2,135.85,0.0
1482,505,59,3,137.97,10.0
1483,505,84,2,143.06,0.0
1484,505,86,2,118.78,0.0
1485,505,26,2,138.84,0.0
1486,505,74,1,59.17,5.0
1487,506,26,2,138.84,0.0
1488,506,39,3,150.02,0.0
1489,507,4,4,193.39,0.0
1490,507,57,4,205.57,0.0
1491,507,95,2,135.85,5.0
1492,507,27,1,112.42,0.0
1493,508,16,3,47.12,5.0
1494,508,63,3,99.0,0.0
1495,509,66,1,150.49,0.0
1496,509,15,4,82.54,0.0
1497,509,59,1,137.97,0.0
1498,510,61,3,13.74,0.0
1499,510,3,2,5.21,0.0
1500,510,36,1,64.71,0.0
1501,510,94,2,115.85,0.0
1502,511,80,4,210.36,0.0
1503,511,54,2,156.93,5.0
1504,511,21,2,68.66,0.0
1505,512,81,3,243.31,0.0
1506,512,48,1,126.95,0.0
1507,512,34,4,230.02,0.0
1508,512,80,2,210.36,15.0
1509,513,21,1,68.66,0.0
1510,513,13,2,156.19,0.0
1511,514,18,3,57.52,0.0
1512,514,78,3,244.02,0.0
1513,514,82,3,233.51,20.0
1514,514,1,1,52.08,0.0
1515,515,29,1,182.29,5.0
1516,515,85,4,22.63,0.0
1517,516,91,3,103.0,5.0
1518,516,60,2,174.68,0.0
1519,516,86,3,118.78,0.0
1520,517,26,2,138.84,0.0
1521,518,62,4,155.64,0.0
1522,518,45,2,242.85,0.0
1523,518,25,3,169.6,0.0
1524,518,81,1,243.31,5.0
1525,518,74,3,59.17,0.0
1526,519,86,3,118.78,5.0
1527,520,70,2,71.14,0.0
1528,521,45,4,242.85,0.0
1529,521,40,1,195.69,20.0
1530,522,3,3,5.21,0.0
1531,522,26,2,138.84,0.0
1532,523,89,2,190.17,0.0
1533,523,68,1,85.39,0.0
1534,524,36,4,64.71,0.0
1535,524,7,4,189.9,10.0
1536,525,91,3,103.0,0.0
1537,525,72,1,58.72,0.0
1538,525,86,4,118.78,0.0
1539,526,51,3,109.23,0.0
1540,526,76,3,146.51,0.0
1541,526,25,4,169.6,0.0
1542,526,32,2,130.85,0.0
1543,527,67,3,231.81,0.0
1544,528,79,3,81.42,15.0
1545,528,59,1,137.97,10.0
1546,528,20,1,234.75,0.0
1547,528,10,2,118.69,0.0
1548,528,93,4,161.42,0.0
1549,529,86,4,118.78,0.0
1550,529,64,3,7.71,5.0
1551,530,11,4,41.29,0.0
1552,530,2,4,110.24,0.0
1553,530,13,4,156.19,0.0
1554,531,78,1,244.02,0.0
1555,531,67,1,231.81,0.0
1556,531,86,1,118.78,20.0
1557,531,49,2,51.93,0.0
1558,532,59,4,137.97,0.0
1559,532,74,4,59.17,0.0
1560,532,67,-2,231.81,15.0
1561,532,5,-1,242.5,0.0
1562,533,32,1,130.85,0.0
1563,533,36,3,64.71,5.0
1564,533,58,2,114.17,0.0
1565,534,12,2,127.97,0.0
1566,534,43,3,16.37,0.0
1567,534,46,1,109.69,0.0
1568,534,79,3,81.42,0.0
1569,535,44,2,83.73,20.0
1570,535,57,3,205.57,0.0
1571,535,47,2,144.15,0.0
1572,536,23,-2,165.25,5.0
1573,536,51,4,109.23,0.0
1574,536,80,3,210.36,0.0
1575,536,90,-4,124.02,20.0
1576,536,10,3,118.69,20.0
1577,537,86,1,118.78,0.0
1578,537,36,2,64.71,0.0
1579,538,32,4,130.85,0.0
1580,538,3,2,5.21,10.0
1581,538,79,4,81.42,10.0
1582,539,47,-3,144.15,0.0
1583,539,31,3,101.08,20.0
1584,539,41,2,105.88,0.0
1585,540,78,2,244.02,5.0
1586,541,80,4,210.36,0.0
1587,541,57,2,205.57,0.0
1588,541,64,4,7.71,0.0
1589,541,76,1,146.51,10.0
1590,542,93,3,161.42,0.0
1591,543,28,3,83.19,0.0
1592,543,85,4,22.63,0.0
1593,543,58,3,114.17,10.0
1594,543,40,1,195.69,5.0
1595,544,53,2,8.98,10.0
1596,544,94,1,115.85,0.0
1597,544,21,4,68.66,5.0
1598,544,25,3,169.6,0.0
1599,544,32,4,130.85,0.0
1600,545,13,3,156.19,0.0
1601,545,40,4,195.69,10.0
1602,546,45,1,242.85,0.0
1603,546,83,1,48.63,0.0
1604,547,22,1,240.26,20.0
1605,548,73,3,97.41,10.0
1606,549,28,3,83.19,10.0
1607,549,45,2,242.85,10.0
1608,549,13,-4,156.19,0.0
1609,549,88,1,6.71,0.0
1610,549,20,-3,234.75,0.0
1611,550,20,4,234.75,5.0
1612,550,79,1,81.42,0.0
1613,550,44,1,83.73,0.0
1614,550,59,3,137.97,0.0
1615,550,85,4,22.63,0.0
1616,551,67,1,231.81,0.0
1617,552,51,3,109.23,0.0
1618,552,70,2,71.14,0.0
1619,552,83,4,48.63,0.0
1620,552,26,4,138.84,0.0
1621,552,37,1,143.56,0.0
1622,553,37,1,143.56,0.0
1623,553,88,1,6.71,0.0
1624,553,90,2,124.02,0.0
1625,553,8,1,91.47,0.0
1626,554,88,4,6.71,5.0
1627,555,13,2,156.19,10.0
1628,555,59,3,137.97,0.0
1629,556,6,4,198.49,0.0
1630,557,50,3,249.28,15.0
1631,557,30,4,231.76,0.0
1632,558,88,3,6.71,0.0
1633,558,74,3,59.17,0.0
1634,558,91,1,103.0,0.0
1635,558,81,4,243.31,0.0
1636,559,6,2,198.49,0.0
1637,559,90,1,124.02,0.0
1638,559,58,4,114.17,0.0
1639,559,17,3,209.57,0.0
1640,560,37,1,143.56,0.0
1641,560,73,2,97.41,0.0
1642,560,34,-4,230.02,0.0
1643,561,50,2,249.28,0.0
1644,562,57,1,205.57,0.0
1645,562,77,2,177.17,5.0
1646,563,23,2,165.25,15.0
1647,563,45,1,242.85,0.0
1648,563,60,2,174.68,15.0
1649,564,85,1,22.63,10.0
1650,564,93,1,161.42,10.0
1651,564,57,3,205.57,0.0
1652,565,67,2,231.81,5.0
1653,565,69,3,89.92,0.0
1654,565,3,2,5.21,15.0
1655,565,80,2,210.36,0.0
1656,566,81,1,243.31,0.0
1657,566,5,4,242.5,15.0
1658,567,88,3,6.71,20.0
1659,567,63,4,99.0,10.0
1660,568,50,2,249.28,0.0
1661,568,33,1,56.06,0.0
1662,569,52,3,107.61,0.0
1663,569,17,4,209.57,0.0
1664,570,47,-4,144.15,0.0
1665,570,44,-2,83.73,0.0
1666,570,42,2,164.24,5.0
1667,570,86,3,118.78,0.0
1668,571,61,4,13.74,10.0
1669,571,14,-4,132.45,0.0
1670,572,57,2,205.57,0.0
1671,572,4,3,193.39,0.0
1672,573,41,2,105.88,5.0
1673,573,60,4,174.68,0.0
1674,573,32,1,130.85,0.0
1675,573,95,1,135.85,0.0
1676,574,20,3,234.75,10.0
1677,574,28,3,83.19,0.0
1678,575,38,1,122.19,10.0
1679,575,39,2,150.02,15.0
1680,576,21,4,68.66,0.0
1681,576,72,3,58.72,0.0
1682,576,71,2,249.99,20.0
1683,576,81,2,243.31,15.0
1684,577,22,3,240.26,15.0
1685,577,3,2,5.21,0.0
1686,577,76,1,146.51,20.0
1687,577,89,3,190.17,10.0
1688,578,87,1,36.97,20.0
1689,578,51,2,109.23,20.0
1690,578,20,3,234.75,0.0
1691,579,54,3,156.93,20.0
1692,579,22,1,240.26,0.0
1693,579,47,2,144.15,0.0
1694,579,33,2,56.06,5.0
1695,579,25,3,169.6,0.0
1696,580,43,1,16.37,0.0
1697,581,61,4,13.74,0.0
1698,581,49,3,51.93,0.0
1699,582,17,3,209.57,0.0
1700,582,45,4,242.85,0.0
1701,582,93,1,161.42,15.0
1702,583,14,1,132.45,0.0
1703,583,32,1,130.85,0.0
1704,584,80,4,210.36,0.0
1705,584,10,3,118.69,5.0
1706,584,20,1,234.75,0.0
1707,585,12,1,127.97,0.0
1708,585,92,2,80.29,0.0
1709,586,91,2,103.0,0.0
1710,586,64,1,7.71,0.0
1711,587,70,2,71.14,0.0
1712,587,74,1,59.17,0.0
1713,588,77,3,177.17,0.0
1714,588,53,3,8.98,10.0
1715,588,65,2,128.61,0.0
1716,589,64,3,7.71,15.0
1717,590,87,1,36.97,0.0
1718,591,34,4,230.02,0.0
1719,591,94,4,115.85,20.0
1720,591,41,-2,105.88,0.0
1721,591,58,3,114.17,10.0
1722,591,46,3,109.69,10.0
1723,592,95,4,135.85,15.0
1724,592,50,2,249.28,5.0
1725,593,85,2,22.63,0.0
1726,593,23,1,165.25,0.0
1727,593,20,2,234.75,0.0
1728,593,76,2,146.51,0.0
1729,594,63,4,99.0,0.0
1730,594,78,2,244.02,0.0
1731,595,38,2,122.19,0.0
1732,595,19,1,232.32,20.0
1733,595,31,2,101.08,0.0
1734,595,67,3,231.81,0.0
1735,595,64,4,7.71,0.0
1736,596,48,4,126.95,0.0
1737,596,73,4,97.41,0.0
1738,597,36,3,64.71,0.0
1739,597,72,2,58.72,20.0
1740,597,44,2,83.73,5.0
1741,597,74,2,59.17,10.0
1742,598,13,1,156.19,0.0
1743,598,50,4,249.28,0.0
1744,598,19,3,232.32,0.0
1745,598,80,4,210.36,5.0
1746,598,42,3,164.24,5.0
1747,599,42,3,164.24,10.0
1748,600,78,2,244.02,20.0
1749,600,69,1,89.92,0.0
1750,600,26,1,138.84,5.0
1751,601,55,3,172.28,0.0
1752,601,90,3,124.02,0.0
1753,601,2,4,110.24,0.0
1754,601,39,4,150.02,5.0
1755,602,57,-3,205.57,0.0
1756,602,41,-3,105.88,0.0
1757,602,14,-1,132.45,10.0
1758,602,36,4,64.71,0.0
1759,602,59,4,137.97,0.0
1760,603,42,1,164.24,5.0
1761,603,73,2,97.41,0.0
1762,603,6,1,198.49,0.0
1763,604,44,3,83.73,5.0
1764,604,11,4,41.29,0.0
1765,604,53,1,8.98,0.0
1766,605,21,2,68.66,0.0
1767,605,15,1,82.54,0.0
1768,605,34,2,230.02,0.0
1769,605,30,1,231.76,0.0
1770,606,50,4,249.28,0.0
1771,606,82,3,233.51,0.0
1772,606,86,4,118.78,0.0
1773,607,63,3,99.0,0.0
1774,607,1,2,52.08,0.0
1775,607,45,2,242.85,0.0
1776,607,90,3,124.02,0.0
1777,607,11,3,41.29,0.0
1778,608,42,4,164.24,0.0
1779,608,34,3,230.02,0.0
1780,609,15,4,82.54,5.0
1781,609,6,-2,198.49,0.0
1782,610,60,2,174.68,10.0
1783,610,7,-3,189.9,0.0
1784,610,83,-1,48.63,0.0
1785,611,51,4,109.23,0.0
1786,611,78,3,244.02,5.0
1787,611,22,2,240.26,0.0
1788,611,63,1,99.0,10.0
1789,612,57,2,205.57,0.0
1790,612,49,3,51.93,0.0
1791,612,94,2,115.85,20.0
1792,613,5,2,242.5,0.0
1793,613,16,2,47.12,0.0
1794,613,39,1,150.02,10.0
1795,614,75,3,227.7,0.0
1796,614,89,4,190.17,0.0
1797,614,72,2,58.72,0.0
1798,614,35,4,26.29,0.0
1799,615,2,1,110.24,0.0
1800,615,74,3,59.17,5.0
1801,616,31,4,101.08,10.0
1802,616,89,1,190.17,10.0
1803,617,47,3,144.15,0.0
1804,617,12,2,127.97,15.0
1805,617,77,2,177.17,0.0
1806,618,38,4,122.19,0.0
1807,618,19,4,232.32,0.0
1808,618,87,4,36.97,0.0
1809,619,70,3,71.14,0.0
1810,619,88,2,6.71,0.0
1811,619,22,2,240.26,10.0
1812,619,6,2,198.49,20.0
1813,620,70,1,71.14,0.0
1814,620,6,2,198.49,5.0
1815,620,67,3,231.81,0.0
1816,620,14,3,132.45,5.0
1817,620,74,3,59.17,0.0
1818,621,53,2,8.98,0.0
1819,621,89,2,190.17,10.0
1820,621,14,1,132.45,15.0
1821,622,82,1,233.51,0.0
1822,622,13,2,156.19,0.0
1823,622,25,1,169.6,0.0
1824,622,4,4,193.39,20.0
1825,622,3,4,5.21,15.0
1826,623,48,4,126.95,0.0
1827,623,27,4,112.42,0.0
1828,623,39,-3,150.02,5.0
1829,623,55,4,172.28,5.0
1830,624,49,1,51.93,20.0
1831,625,93,1,161.42,0.0
1832,625,92,3,80.29,0.0
1833,626,79,1,81.42,0.0
1834,626,53,2,8.98,0.0
1835,627,36,1,64.71,0.0
1836,627,90,1,124.02,0.0
1837,627,73,4,97.41,0.0
1838,627,50,4,249.28,0.0
1839,628,88,2,6.71,20.0
1840,629,84,3,143.06,0.0
1841,629,23,3,165.25,10.0
1842,629,49,4,51.93,0.0
1843,629,6,4,198.49,10.0
1844,630,4,4,193.39,0.0
1845,630,57,3,205.57,0.0
1846,630,64,1,7.71,0.0
1847,630,47,1,144.15,0.0
1848,630,90,4,124.02,0.0
1849,631,32,1,130.85,0.0
1850,631,18,4,57.52,0.0
1851,631,16,3,47.12,20.0
1852,631,4,2,193.39,0.0
1853,631,21,-1,68.66,0.0
1854,632,2,1,110.24,0.0
1855,632,15,2,82.54,0.0
1856,632,68,2,85.39,10.0
1857,632,86,2,118.78,0.0
1858,632,35,4,26.29,0.0
1859,633,10,2,118.69,10.0
1860,633,19,1,232.32,0.0
1861,633,86,1,118.78,0.0
1862,633,17,2,209.57,0.0
1863,633,66,4,150.49,10.0
1864,634,6,2,198.49,0.0
1865,634,42,3,164.24,0.0
1866,634,51,2,109.23,5.0
1867,634,4,2,193.39,0.0
1868,635,37,1,143.56,0.0
1869,635,64,2,7.71,0.0
1870,635,10,3,118.69,0.0
1871,635,56,3,16.47,0.0
1872,635,77,3,177.17,10.0
1873,636,88,2,6.71,0.0
1874,636,78,1,244.02,0.0
1875,636,77,3,177.17,0.0
1876,636,85,1,22.63,0.0
1877,636,74,3,59.17,15.0
1878,637,73,3,97.41,20.0
1879,637,25,2,169.6,10.0
1880,638,86,2,118.78,10.0
1881,638,85,3,22.63,0.0
1882,638,25,3,169.6,5.0
1883,638,79,3,81.42,0.0
1884,639,27,3,112.42,0.0
1885,639,77,4,177.17,0.0
1886,640,44,-3,83.73,0.0
1887,640,19,-4,232.32,0.0
1888,640,33,3,56.06,0.0
1889,640,78,3,244.02,0.0
1890,640,10,-3,118.69,0.0
1891,641,16,1,47.12,0.0
1892,641,18,1,57.52,0.0
1893,641,24,1,140.86,0.0
1894,642,6,1,198.49,0.0
1895,642,85,3,22.63,20.0
1896,643,78,2,244.02,0.0
1897,643,74,3,59.17,5.0
1898,643,35,2,26.29,10.0
1899,643,71,4,249.99,0.0
1900,643,46,1,109.69,20.0
1901,644,13,2,156.19,0.0
1902,645,1,2,52.08,0.0
1903,646,30,1,231.76,0.0
1904,646,13,4,156.19,0.0
1905,647,27,4,112.42,5.0
1906,647,87,3,36.97,0.0
1907,647,63,4,99.0,0.0
1908,648,77,4,177.17,0.0
1909,649,32,2,130.85,0.0
1910,649,92,4,80.29,20.0
1911,649,38,2,122.19,0.0
1912,650,47,4,144.15,0.0
1913,650,49,-4,51.93,0.0
1914,650,3,-2,5.21,15.0
1915,651,77,3,177.17,0.0
1916,651,68,2,85.39,0.0
1917,651,26,2,138.84,0.0
1918,651,5,1,242.5,0.0
1919,651,49,3,51.93,0.0
1920,652,53,2,8.98,0.0
1921,652,40,2,195.69,10.0
1922,653,55,2,172.28,0.0
1923,653,22,-1,240.26,5.0
1924,653,31,1,101.08,0.0
1925,653,3,3,5.21,0.0
1926,654,66,1,150.49,0.0
1927,654,3,2,5.21,0.0
1928,654,65,2,128.61,10.0
1929,655,32,1,130.85,5.0
1930,655,59,2,137.97,0.0
1931,655,23,1,165.25,0.0
1932,655,91,4,103.0,0.0
1933,656,70,3,71.14,5.0
1934,656,93,4,161.42,5.0
1935,656,52,4,107.61,0.0
1936,656,68,4,85.39,0.0
1937,656,60,1,174.68,0.0
1938,657,39,4,150.02,0.0
1939,657,48,1,126.95,0.0
1940,657,4,2,193.39,0.0
1941,657,41,2,105.88,0.0
1942,658,33,4,56.06,0.0
1943,658,63,2,99.0,0.0
1944,658,52,4,107.61,20.0
1945,658,60,2,174.68,15.0
1946,659,84,3,143.06,0.0
1947,659,56,4,16.47,0.0
1948,659,10,4,118.69,0.0
1949,659,77,3,177.17,0.0
1950,660,8,2,91.47,0.0
1951,660,4,3,193.39,0.0
1952,660,66,4,150.49,0.0
1953,661,67,1,231.81,10.0
1954,662,65,4,128.61,5.0
1955,662,9,3,137.06,0.0
1956,662,20,2,234.75,0.0
1957,662,49,4,51.93,0.0
1958,662,43,2,16.37,0.0
1959,663,54,4,156.93,0.0
1960,663,20,3,234.75,20.0
1961,664,9,4,137.06,0.0
1962,664,29,4,182.29,10.0
1963,664,60,3,174.68,0.0
1964,664,22,3,240.26,10.0
1965,665,68,3,85.39,10.0
1966,665,20,2,234.75,0.0
1967,665,86,1,118.78,0.0
1968,666,76,3,146.51,10.0
1969,667,32,2,130.85,15.0
1970,667,60,3,174.68,0.0
1971,668,21,4,68.66,15.0
1972,668,80,1,210.36,5.0
1973,669,4,3,193.39,0.0
1974,669,43,4,16.37,15.0
1975,669,48,4,126.95,0.0
1976,669,16,4,47.12,0.0
1977,670,77,4,177.17,10.0
1978,670,42,1,164.24,0.0
1979,671,7,4,189.9,0.0
1980,671,1,2,52.08,0.0
1981,672,6,2,198.49,0.0
1982,673,22,4,240.26,0.0
1983,673,51,3,109.23,0.0
1984,674,60,3,174.68,0.0
1985,675,51,3,109.23,0.0
1986,676,54,3,156.93,0.0
1987,676,31,4,101.08,0.0
1988,676,40,2,195.69,0.0
1989,676,86,1,118.78,0.0
1990,677,37,3,143.56,0.0
1991,678,83,3,48.63,0.0
1992,679,45,1,242.85,0.0
1993,679,9,3,137.06,0.0
1994,680,18,3,57.52,5.0
1995,680,42,-2,164.24,5.0
1996,680,91,3,103.0,0.0
1997,680,55,-3,172.28,10.0
1998,681,54,1,156.93,0.0
1999,681,5,3,242.5,10.0
2000,682,28,3,83.19,0.0
2001,682,19,3,232.32,0.0
2002,683,59,3,137.97,0.0
2003,684,81,2,243.31,15.0
2004,684,9,2,137.06,0.0
2005,684,61,3,13.74,10.0
2006,684,54,1,156.93,10.0
2007,684,60,3,174.68,0.0
2008,685,51,4,109.23,0.0
2009,685,1,1,52.08,10.0
2010,686,94,1,115.85,0.0
2011,686,82,2,233.51,0.0
2012,686,40,3,195.69,5.0
2013,686,77,2,177.17,15.0
2014,686,85,4,22.63,0.0
2015,687,43,2,16.37,15.0
2016,688,54,2,156.93,5.0
2017,688,21,3,68.66,0.0
2018,688,55,3,172.28,0.0
2019,689,1,2,52.08,0.0
2020,690,69,3,89.92,5.0
2021,690,60,3,174.68,5.0
2022,690,66,3,150.49,0.0
2023,690,16,2,47.12,0.0
2024,690,62,3,155.64,5.0
2025,691,89,3,190.17,0.0
2026,691,69,4,89.92,5.0
2027,691,25,4,169.6,0.0
2028,691,62,4,155.64,0.0
2029,691,81,2,243.31,0.0
2030,692,72,-3,58.72,0.0
2031,692,59,-4,137.97,0.0
2032,692,50,1,249.28,15.0
2033,692,42,3,164.24,10.0
2034,693,72,4,58.72,0.0
2035,693,15,3,82.54,0.0
2036,693,76,1,146.51,5.0
2037,693,18,3,57.52,0.0
2038,693,61,4,13.74,0.0
2039,694,20,1,234.75,20.0
2040,694,36,3,64.71,0.0
2041,694,44,3,83.73,5.0
2042,694,53,4,8.98,0.0
2043,695,77,3,177.17,0.0
2044,695,13,1,156.19,0.0
2045,695,47,2,144.15,0.0
2046,695,15,1,82.54,0.0
2047,695,34,3,230.02,0.0
2048,696,89,3,190.17,0.0
2049,696,70,4,71.14,5.0
2050,696,39,1,150.02,0.0
2051,696,71,4,249.99,0.0
2052,696,85,3,22.63,0.0
2053,697,62,1,155.64,0.0
2054,698,72,2,58.72,0.0
2055,698,32,1,130.85,0.0
2056,698,11,1,41.29,0.0
2057,698,43,2,16.37,0.0
2058,698,22,2,240.26,20.0
2059,699,71,2,249.99,0.0
2060,699,31,4,101.08,0.0
2061,699,8,3,91.47,0.0
2062,699,56,4,16.47,20.0
2063,700,91,4,103.0,0.0
2064,701,89,2,190.17,10.0
2065,701,17,1,209.57,20.0
2066,701,74,2,59.17,0.0
2067,702,18,1,57.52,0.0
2068,702,28,1,83.19,10.0
2069,702,36,1,64.71,0.0
2070,702,15,3,82.54,0.0
2071,703,49,3,51.93,0.0
2072,703,85,-2,22.63,0.0
2073,703,67,2,231.81,15.0
2074,703,88,-4,6.71,0.0
2075,704,38,2,122.19,0.0
2076,704,27,2,112.42,0.0
2077,704,53,1,8.98,0.0
2078,704,15,1,82.54,0.0
2079,704,37,3,143.56,0.0
2080,705,21,4,68.66,15.0
2081,705,62,1,155.64,5.0
2082,705,29,4,182.29,0.0
2083,706,67,-1,231.81,0.0
2084,706,33,3,56.06,0.0
2085,706,89,-1,190.17,0.0
2086,707,81,1,243.31,0.0
2087,707,64,1,7.71,0.0
2088,708,24,3,140.86,5.0
2089,708,14,4,132.45,0.0
2090,709,73,2,97.41,10.0
2091,709,46,3,109.69,0.0
2092,709,13,3,156.19,0.0
2093,709,49,2,51.93,0.0
2094,709,61,4,13.74,0.0
2095,710,30,-1,231.76,0.0
2096,710,53,-1,8.98,20.0
2097,711,48,-1,126.95,15.0
2098,711,13,-4,156.19,0.0
2099,712,16,2,47.12,0.0
2100,712,12,3,127.97,0.0
2101,712,33,1,56.06,15.0
2102,712,77,4,177.17,10.0
2103,712,69,2,89.92,5.0
2104,713,36,3,64.71,5.0
2105,713,1,2,52.08,0.0
2106,713,55,1,172.28,20.0
2107,713,90,1,124.02,0.0
2108,713,45,2,242.85,0.0
2109,714,27,-2,112.42,0.0
2110,714,26,-4,138.84,0.0
2111,715,88,1,6.71,0.0
2112,715,56,-4,16.47,0.0
2113,715,20,2,234.75,10.0
2114,716,54,4,156.93,0.0
2115,716,14,2,132.45,0.0
2116,717,58,2,114.17,20.0
2117,717,21,4,68.66,0.0
2118,717,77,4,177.17,0.0
2119,718,49,1,51.93,10.0
2120,718,69,1,89.92,5.0
2121,718,60,2,174.68,15.0
2122,719,51,-2,109.23,0.0
2123,719,84,2,143.06,0.0
2124,719,75,1,227.7,0.0
2125,719,92,-1,80.29,0.0
2126,720,71,1,249.99,0.0
2127,720,18,2,57.52,0.0
2128,720,23,2,165.25,0.0
2129,721,93,3,161.42,0.0
2130,721,82,3,233.51,20.0
2131,721,70,3,71.14,0.0
2132,721,11,1,41.29,5.0
2133,722,11,4,41.29,5.0
2134,722,89,3,190.17,0.0
2135,722,25,1,169.6,5.0
2136,722,62,3,155.64,0.0
2137,722,13,1,156.19,5.0
2138,723,70,2,71.14,0.0
2139,724,20,2,234.75,10.0
2140,725,6,1,198.49,0.0
2141,725,65,1,128.61,0.0
2142,725,56,3,16.47,10.0
2143,725,60,4,174.68,0.0
2144,726,52,1,107.61,0.0
2145,726,49,2,51.93,5.0
2146,727,40,4,195.69,5.0
2147,727,22,1,240.26,0.0
2148,727,74,1,59.17,0.0
2149,728,46,2,109.69,0.0
2150,728,3,1,5.21,0.0
2151,728,80,1,210.36,15.0
2152,728,82,4,233.51,0.0
2153,728,68,1,85.39,10.0
2154,729,71,4,249.99,10.0
2155,729,61,2,13.74,0.0
2156,730,52,3,107.61,0.0
2157,731,67,3,231.81,0.0
2158,731,74,2,59.17,5.0
2159,732,40,-3,195.69,10.0
2160,733,38,4,122.19,5.0
2161,733,6,3,198.49,0.0
2162,733,24,-3,140.86,10.0
2163,734,36,1,64.71,5.0
2164,734,38,1,122.19,0.0
2165,734,66,2,150.49,10.0
2166,734,74,3,59.17,0.0
2167,735,38,1,122.19,20.0
2168,736,68,3,85.39,10.0
2169,736,33,1,56.06,0.0
2170,737,59,1,137.97,0.0
2171,737,68,2,85.39,0.0
2172,737,60,1,174.68,0.0
2173,737,93,2,161.42,0.0
2174,737,16,2,47.12,0.0
2175,738,79,4,81.42,5.0
2176,739,93,1,161.42,20.0
2177,739,68,1,85.39,0.0
2178,739,2,3,110.24,5.0
2179,739,24,1,140.86,0.0
2180,739,27,1,112.42,0.0
2181,740,16,2,47.12,0.0
2182,740,93,3,161.42,0.0
2183,740,54,1,156.93,0.0
2184,740,1,1,52.08,10.0
2185,740,80,3,210.36,0.0
2186,741,4,4,193.39,0.0
2187,741,76,2,146.51,15.0
2188,741,18,2,57.52,0.0
2189,742,33,1,56.06,0.0
2190,743,81,2,243.31,0.0
2191,743,3,4,5.21,0.0
2192,743,44,1,83.73,0.0
2193,744,25,1,169.6,0.0
2194,745,88,1,6.71,0.0
2195,745,59,2,137.97,0.0
2196,746,66,1,150.49,0.0
2197,746,71,4,249.99,0.0
2198,746,24,2,140.86,0.0
2199,746,56,3,16.47,0.0
2200,747,58,4,114.17,10.0
2201,747,25,2,169.6,0.0
2202,747,44,2,83.73,0.0
2203,747,39,3,150.02,0.0
2204,747,31,1,101.08,0.0
2205,748,48,-3,126.95,0.0
2206,748,73,1,97.41,0.0
2207,748,75,3,227.7,0.0
2208,748,91,4,103.0,0.0
2209,748,9,4,137.06,0.0
2210,749,67,3,231.81,0.0
2211,750,73,1,97.41,5.0
2212,750,14,3,132.45,0.0
2213,750,38,2,122.19,20.0
2214,751,52,4,107.61,0.0
2215,751,73,1,97.41,20.0
2216,751,72,4,58.72,0.0
2217,751,8,1,91.47,0.0
2218,752,72,2,58.72,0.0
2219,752,93,3,161.42,10.0
2220,752,30,2,231.76,0.0
2221,753,19,4,232.32,0.0
2222,754,56,3,16.47,0.0
2223,754,85,4,22.63,0.0
2224,755,62,2,155.64,10.0
2225,755,55,3,172.28,20.0
2226,755,13,-1,156.19,0.0
2227,755,87,3,36.97,0.0
2228,755,88,3,6.71,0.0
2229,756,1,4,52.08,0.0
2230,757,10,2,118.69,10.0
2231,757,11,3,41.29,10.0
2232,758,83,1,48.63,10.0
2233,758,36,3,64.71,0.0
2234,758,11,4,41.29,5.0
2235,758,38,2,122.19,10.0
2236,758,81,4,243.31,0.0
2237,759,35,4,26.29,0.0
2238,759,3,-2,5.21,15.0
2239,759,64,2,7.71,5.0
2240,760,72,1,58.72,5.0
2241,761,73,1,97.41,0.0
2242,761,90,4,124.02,0.0
2243,762,12,3,127.97,0.0
2244,762,17,2,209.57,0.0
2245,763,27,2,112.42,0.0
2246,764,55,3,172.28,0.0
2247,764,31,4,101.08,0.0
2248,765,86,3,118.78,0.0
2249,766,19,-4,232.32,0.0
2250,767,27,4,112.42,0.0
2251,767,88,1,6.71,15.0
2252,767,33,4,56.06,5.0
2253,767,14,4,132.45,0.0
2254,768,63,2,99.0,0.0
2255,769,44,4,83.73,0.0
2256,769,95,4,135.85,10.0
2257,769,63,2,99.0,10.0
2258,769,94,2,115.85,10.0
2259,769,88,2,6.71,0.0
2260,770,95,4,135.85,0.0
2261,770,3,1,5.21,0.0
2262,770,64,1,7.71,0.0
2263,770,90,4,124.02,0.0
2264,771,49,2,51.93,0.0
2265,772,51,3,109.23,0.0
2266,773,73,2,97.41,0.0
2267,773,20,2,234.75,0.0
2268,773,94,4,115.85,20.0
2269,773,10,1,118.69,0.0
2270,774,70,1,71.14,10.0
2271,774,37,1,143.56,20.0
2272,774,3,2,5.21,0.0
2273,774,21,4,68.66,20.0
2274,774,17,3,209.57,0.0
2275,775,66,1,150.49,0.0
2276,775,71,4,249.99,0.0
2277,775,81,4,243.31,20.0
2278,775,9,1,137.06,0.0
2279,775,83,4,48.63,0.0
2280,776,26,1,138.84,15.0
2281,776,70,4,71.14,0.0
2282,776,85,1,22.63,20.0
2283,776,24,1,140.86,5.0
2284,777,20,4,234.75,5.0
2285,777,80,2,210.36,10.0
2286,777,74,2,59.17,0.0
2287,777,56,2,16.47,0.0
2288,777,65,1,128.61,5.0
2289,778,88,2,6.71,0.0
2290,778,81,1,243.31,10.0
2291,779,5,3,242.5,0.0
2292,779,4,3,193.39,0.0
2293,779,87,2,36.97,0.0
2294,779,16,-4,47.12,0.0
2295,779,22,-3,240.26,0.0
2296,780,25,1,169.6,0.0
2297,780,70,2,71.14,0.0
2298,781,44,2,83.73,20.0
2299,781,50,2,249.28,0.0
2300,782,88,1,6.71,0.0
2301,782,48,4,126.95,0.0
2302,782,14,1,132.45,20.0
2303,782,29,4,182.29,0.0
2304,782,65,4,128.61,15.0
2305,783,34,2,230.02,0.0
2306,783,29,1,182.29,10.0
2307,783,1,1,52.08,15.0
2308,784,67,3,231.81,0.0
2309,784,91,3,103.0,5.0
2310,785,38,3,122.19,10.0
2311,785,59,2,137.97,0.0
2312,785,14,2,132.45,0.0
2313,786,58,3,114.17,20.0
2314,786,41,2,105.88,0.0
2315,786,6,1,198.49,0.0
2316,786,3,1,5.21,0.0
2317,787,90,4,124.02,0.0
2318,788,66,3,150.49,0.0
2319,788,68,2,85.39,15.0
2320,789,54,3,156.93,10.0
2321,789,58,2,114.17,0.0
2322,789,69,3,89.92,0.0
2323,789,57,3,205.57,0.0
2324,789,36,3,64.71,5.0
2325,790,23,3,165.25,20.0
2326,790,65,1,128.61,20.0
2327,790,17,4,209.57,20.0
2328,791,40,2,195.69,0.0
2329,791,48,2,126.95,0.0
2330,792,27,1,112.42,0.0
2331,793,37,-3,143.56,0.0
2332,794,64,2,7.71,0.0
2333,794,89,4,190.17,5.0
2334,795,47,2,144.15,15.0
2335,795,66,3,150.49,0.0
2336,796,95,2,135.85,0.0
2337,797,81,3,243.31,0.0
2338,798,54,-4,156.93,5.0
2339,798,34,4,230.02,0.0
2340,799,24,4,140.86,0.0
2341,799,45,3,242.85,5.0
2342,800,20,2,234.75,0.0
2343,800,74,4,59.17,0.0
2344,800,5,2,242.5,0.0
2345,800,42,2,164.24,20.0
2346,801,57,2,205.57,15.0
2347,801,92,2,80.29,20.0
2348,802,79,1,81.42,5.0
2349,802,28,3,83.19,0.0
2350,802,95,1,135.85,0.0
2351,802,53,2,8.98,0.0
2352,802,22,2,240.26,0.0
2353,803,70,3,71.14,0.0
2354,803,27,4,112.42,10.0
2355,803,41,-2,105.88,0.0
2356,803,72,2,58.72,0.0
2357,803,40,3,195.69,0.0
2358,804,75,2,227.7,0.0
2359,804,57,-3,205.57,15.0
2360,804,1,4,52.08,15.0
2361,804,24,-1,140.86,5.0
2362,804,74,-3,59.17,20.0
2363,805,47,1,144.15,0.0
2364,805,51,2,109.23,0.0
2365,806,67,3,231.81,0.0
2366,806,65,3,128.61,0.0
2367,806,73,3,97.41,0.0
2368,806,57,4,205.57,15.0
2369,807,83,1,48.63,0.0
2370,807,11,3,41.29,10.0
2371,807,74,2,59.17,20.0
2372,807,42,1,164.24,0.0
2373,808,85,3,22.63,0.0
2374,808,4,3,193.39,0.0
2375,808,12,2,127.97,0.0
2376,809,88,4,6.71,0.0
2377,809,76,1,146.51,0.0
2378,810,16,4,47.12,0.0
2379,810,88,2,6.71,0.0
2380,811,24,1,140.86,0.0
2381,811,6,1,198.49,0.0
2382,812,80,-2,210.36,0.0
2383,812,94,4,115.85,0.0
2384,813,14,1,132.45,0.0
2385,813,20,4,234.75,0.0
2386,813,37,2,143.56,15.0
2387,813,23,1,165.25,0.0
2388,813,13,3,156.19,20.0
2389,814,25,4,169.6,10.0
2390,814,90,1,124.02,10.0
2391,814,47,1,144.15,10.0
2392,814,45,2,242.85,5.0
2393,814,93,3,161.42,0.0
2394,815,16,4,47.12,15.0
2395,815,19,3,232.32,0.0
2396,815,36,4,64.71,0.0
2397,815,25,2,169.6,0.0
2398,816,7,2,189.9,0.0
2399,816,55,4,172.28,0.0
2400,816,16,2,47.12,0.0
2401,816,47,1,144.15,0.0
2402,817,17,1,209.57,0.0
2403,817,37,3,143.56,20.0
2404,818,32,-1,130.85,0.0
2405,819,80,4,210.36,0.0
2406,819,9,3,137.06,0.0
2407,819,48,4,126.95,10.0
2408,820,56,1,16.47,5.0
2409,820,1,1,52.08,0.0
2410,820,15,1,82.54,10.0
2411,820,6,4,198.49,0.0
2412,821,55,1,172.28,0.0
2413,821,67,1,231.81,10.0
2414,822,44,1,83.73,0.0
2415,823,7,2,189.9,0.0
2416,823,60,1,174.68,10.0
2417,824,52,1,107.61,5.0
2418,824,23,1,165.25,0.0
2419,825,55,4,172.28,0.0
2420,825,91,1,103.0,0.0
2421,825,77,3,177.17,0.0
2422,825,33,2,56.06,0.0
2423,826,11,1,41.29,0.0
2424,826,46,2,109.69,0.0
2425,827,55,1,172.28,5.0
2426,827,13,1,156.19,0.0
2427,827,40,4,195.69,0.0
2428,827,43,1,16.37,15.0
2429,828,71,3,249.99,0.0
2430,828,9,1,137.06,0.0
2431,828,92,3,80.29,0.0
2432,828,73,3,97.41,0.0
2433,828,90,4,124.02,0.0
2434,829,60,4,174.68,10.0
2435,829,76,4,146.51,5.0
2436,830,37,3,143.56,0.0
2437,830,7,2,189.9,5.0
2438,830,63,4,99.0,0.0
2439,830,62,3,155.64,0.0
2440,831,56,2,16.47,0.0
2441,831,85,4,22.63,0.0
2442,832,8,1,91.47,0.0
2443,832,21,3,68.66,0.0
2444,832,85,1,22.63,0.0
2445,832,86,4,118.78,15.0
2446,833,81,1,243.31,10.0
2447,833,76,1,146.51,20.0
2448,833,38,4,122.19,10.0
2449,833,85,3,22.63,0.0
2450,833,66,2,150.49,5.0
2451,834,57,2,205.57,0.0
2452,834,65,1,128.61,0.0
2453,834,48,1,126.95,0.0
2454,834,2,3,110.24,0.0
2455,834,70,1,71.14,10.0
2456,835,52,2,107.61,0.0
2457,835,12,4,127.97,0.0
2458,835,83,3,48.63,5.0
2459,835,86,4,118.78,0.0
2460,835,11,2,41.29,0.0
2461,836,35,1,26.29,0.0
2462,837,46,4,109.69,0.0
2463,838,72,3,58.72,0.0
2464,838,29,4,182.29,0.0
2465,838,43,4,16.37,0.0
2466,838,93,1,161.42,10.0
2467,838,49,4,51.93,5.0
2468,839,79,3,81.42,0.0
2469,839,55,3,172.28,0.0
2470,839,4,4,193.39,0.0
2471,840,75,4,227.7,0.0
2472,840,32,2,130.85,0.0
2473,840,81,2,243.31,0.0
2474,841,56,2,16.47,0.0
2475,842,3,3,5.21,0.0
2476,842,80,1,210.36,0.0
2477,842,9,2,137.06,0.0
2478,842,12,2,127.97,20.0
2479,843,93,2,161.42,20.0
2480,843,53,1,8.98,15.0
2481,843,1,3,52.08,0.0
2482,843,44,1,83.73,0.0
2483,844,34,1,230.02,0.0
2484,844,16,1,47.12,10.0
2485,845,61,4,13.74,10.0
2486,846,70,4,71.14,0.0
2487,846,81,2,243.31,0.0
2488,846,6,1,198.49,0.0
2489,846,94,4,115.85,0.0
2490,846,1,1,52.08,5.0
2491,847,70,2,71.14,0.0
2492,847,55,4,172.28,0.0
2493,847,79,4,81.42,0.0
2494,848,44,3,83.73,10.0
2495,848,76,1,146.51,0.0
2496,848,34,2,230.02,5.0
2497,849,89,1,190.17,0.0
2498,849,6,4,198.49,0.0
2499,849,45,1,242.85,0.0
2500,849,15,4,82.54,0.0
2501,850,34,4,230.02,0.0
2502,850,42,1,164.24,0.0
2503,850,48,3,126.95,10.0
2504,850,77,3,177.17,0.0
2505,850,8,3,91.47,0.0
2506,851,56,4,16.47,0.0
2507,851,64,1,7.71,10.0
2508,851,53,3,8.98,0.0
2509,851,7,3,189.9,0.0
2510,851,42,4,164.24,0.0
2511,852,65,1,128.61,0.0
2512,852,78,2,244.02,10.0
2513,853,54,3,156.93,0.0
2514,853,44,4,83.73,0.0
2515,854,24,2,140.86,0.0
2516,854,16,2,47.12,20.0
2517,855,41,1,105.88,0.0
2518,855,79,1,81.42,0.0
2519,856,69,4,89.92,20.0
2520,856,67,1,231.81,5.0
2521,856,82,1,233.51,0.0
2522,857,17,3,209.57,0.0
2523,857,26,1,138.84,15.0
2524,857,11,3,41.29,0.0
2525,857,23,4,165.25,5.0
2526,857,74,2,59.17,0.0
2527,858,68,2,85.39,5.0
2528,858,33,4,56.06,0.0
2529,859,7,2,189.9,0.0
2530,859,60,2,174.68,0.0
2531,859,71,2,249.99,10.0
2532,859,45,3,242.85,20.0
2533,859,82,-3,233.51,0.0
2534,860,44,1,83.73,0.0
2535,860,95,2,135.85,0.0
2536,860,19,4,232.32,0.0
2537,860,26,4,138.84,0.0
2538,861,83,4,48.63,0.0
2539,861,87,2,36.97,10.0
2540,861,22,4,240.26,0.0
2541,862,9,4,137.06,20.0
2542,863,30,2,231.76,0.0
2543,863,42,2,164.24,0.0
2544,863,93,2,161.42,10.0
2545,863,70,1,71.14,0.0
2546,863,65,1,128.61,0.0
2547,864,55,3,172.28,20.0
2548,865,7,1,189.9,0.0
2549,865,69,2,89.92,0.0
2550,865,27,1,112.42,0.0
2551,865,47,3,144.15,0.0
2552,866,69,4,89.92,20.0
2553,866,95,2,135.85,10.0
2554,866,50,1,249.28,0.0
2555,867,58,3,114.17,0.0
2556,867,88,1,6.71,10.0
2557,867,18,4,57.52,5.0
2558,868,76,2,146.51,0.0
2559,868,58,2,114.17,0.0
2560,869,21,1,68.66,5.0
2561,869,73,2,97.41,0.0
2562,869,27,1,112.42,0.0
2563,869,23,1,165.25,0.0
2564,870,60,1,174.68,15.0
2565,870,56,4,16.47,5.0
2566,870,49,1,51.93,0.0
2567,870,15,1,82.54,10.0
2568,871,71,3,249.99,0.0
2569,871,38,1,122.19,0.0
2570,872,25,3,169.6,0.0
2571,872,41,3,105.88,10.0
2572,873,52,3,107.61,15.0
2573,873,24,4,140.86,0.0
2574,873,1,1,52.08,0.0
2575,873,48,1,126.95,0.0
2576,874,48,1,126.95,5.0
2577,874,39,2,150.02,20.0
2578,874,12,1,127.97,10.0
2579,874,91,3,103.0,0.0
2580,875,79,4,81.42,0.0
2581,875,2,2,110.24,0.0
2582,875,48,2,126.95,0.0
2583,875,72,4,58.72,0.0
2584,875,25,4,169.6,5.0
2585,876,82,4,233.51,5.0
2586,876,73,1,97.41,0.0
2587,876,16,3,47.12,10.0
2588,876,61,4,13.74,0.0
2589,876,68,4,85.39,10.0
2590,877,17,1,209.57,0.0
2591,877,3,3,5.21,0.0
2592,878,11,3,41.29,15.0
2593,878,71,1,249.99,5.0
2594,878,1,3,52.08,0.0
2595,879,86,2,118.78,0.0
2596,880,19,4,232.32,15.0
2597,880,36,4,64.71,0.0
2598,880,12,2,127.97,0.0
2599,880,78,4,244.02,0.0
2600,880,92,1,80.29,0.0
2601,881,71,3,249.99,0.0
2602,882,19,1,232.32,15.0
2603,882,17,1,209.57,0.0
2604,882,47,4,144.15,0.0
2605,882,64,3,7.71,0.0
2606,882,1,1,52.08,0.0
2607,883,72,3,58.72,10.0
2608,883,79,3,81.42,0.0
2609,884,92,1,80.29,0.0
2610,884,58,4,114.17,0.0
2611,884,31,3,101.08,0.0
2612,885,12,1,127.97,0.0
2613,886,24,1,140.86,5.0
2614,886,55,2,172.28,15.0
2615,886,11,4,41.29,0.0
2616,887,56,3,16.47,0.0
2617,888,72,3,58.72,0.0
2618,888,92,2,80.29,5.0
2619,888,42,4,164.24,0.0
2620,889,33,1,56.06,20.0
2621,889,36,2,64.71,20.0
2622,889,61,2,13.74,10.0
2623,889,15,1,82.54,0.0
2624,889,53,1,8.98,0.0
2625,890,29,4,182.29,10.0
2626,890,88,2,6.71,20.0
2627,890,24,3,140.86,0.0
2628,890,9,2,137.06,0.0
2629,891,56,2,16.47,20.0
2630,891,5,3,242.5,10.0
2631,891,55,2,172.28,0.0
2632,891,58,2,114.17,0.0
2633,891,25,2,169.6,0.0
2634,892,7,3,189.9,5.0
2635,892,58,4,114.17,0.0
2636,892,57,3,205.57,0.0
2637,893,77,1,177.17,0.0
2638,894,94,1,115.85,10.0
2639,894,4,1,193.39,20.0
2640,894,86,1,118.78,0.0
2641,895,43,4,16.37,0.0
2642,895,38,1,122.19,0.0
2643,896,30,1,231.76,20.0
2644,896,41,1,105.88,0.0
2645,896,35,3,26.29,15.0
2646,897,41,1,105.88,0.0
2647,898,44,4,83.73,0.0
2648,898,5,4,242.5,5.0
2649,898,57,2,205.57,0.0
2650,898,37,1,143.56,15.0
2651,898,6,3,198.49,0.0
2652,899,37,3,143.56,5.0
2653,899,87,1,36.97,0.0
2654,899,80,1,210.36,0.0
2655,899,28,3,83.19,0.0
2656,900,9,3,137.06,0.0
2657,900,10,1,118.69,20.0
2658,900,70,3,71.14,10.0
2659,901,44,1,83.73,0.0
2660,901,19,4,232.32,20.0
2661,901,6,1,198.49,0.0
2662,901,47,4,144.15,0.0
2663,901,50,1,249.28,0.0
2664,902,62,3,155.64,0.0
2665,902,65,2,128.61,5.0
2666,903,90,4,124.02,0.0
2667,903,48,4,126.95,5.0
2668,903,29,2,182.29,0.0
2669,903,3,1,5.21,0.0
2670,903,1,3,52.08,10.0
2671,904,51,3,109.23,0.0
2672,904,24,3,140.86,0.0
2673,905,29,3,182.29,10.0
2674,905,40,1,195.69,0.0
2675,906,32,4,130.85,0.0
2676,906,1,2,52.08,0.0
2677,906,82,1,233.51,0.0
2678,907,87,3,36.97,5.0
2679,907,43,4,16.37,0.0
2680,907,59,2,137.97,0.0
2681,908,6,2,198.49,5.0
2682,908,30,2,231.76,0.0
2683,908,31,3,101.08,0.0
2684,908,54,1,156.93,0.0
2685,909,15,2,82.54,0.0
2686,909,12,-2,127.97,5.0
2687,909,45,-2,242.85,5.0
2688,909,21,-2,68.66,15.0
2689,910,73,1,97.41,5.0
2690,910,13,4,156.19,0.0
2691,910,56,3,16.47,0.0
2692,911,89,1,190.17,0.0
2693,911,61,1,13.74,5.0
2694,911,22,2,240.26,5.0
2695,911,91,-2,103.0,20.0
2696,912,43,1,16.37,20.0
2697,912,40,2,195.69,0.0
2698,912,7,4,189.9,0.0
2699,913,17,2,209.57,0.0
2700,913,81,1,243.31,0.0
2701,913,30,4,231.76,20.0
2702,913,18,2,57.52,5.0
2703,913,85,1,22.63,0.0
2704,914,95,1,135.85,0.0
2705,914,81,2,243.31,20.0
2706,915,92,4,80.29,15.0
2707,915,57,-1,205.57,5.0
2708,916,53,3,8.98,0.0
2709,917,57,4,205.57,0.0
2710,917,59,1,137.97,0.0
2711,918,77,4,177.17,0.0
2712,918,12,1,127.97,0.0
2713,919,16,3,47.12,0.0
2714,919,4,3,193.39,0.0
2715,920,16,4,47.12,0.0
2716,920,54,1,156.93,0.0
2717,921,50,2,249.28,5.0
2718,922,8,3,91.47,5.0
2719,922,39,3,150.02,0.0
2720,922,75,1,227.7,0.0
2721,923,73,3,97.41,0.0
2722,923,54,4,156.93,0.0
2723,924,16,3,47.12,0.0
2724,924,12,4,127.97,0.0
2725,924,38,3,122.19,15.0
2726,924,19,3,232.32,0.0
2727,925,69,4,89.92,0.0
2728,926,93,1,161.42,0.0
2729,926,40,4,195.69,0.0
2730,927,24,3,140.86,0.0
2731,927,47,2,144.15,0.0
2732,927,86,2,118.78,15.0
2733,927,8,1,91.47,10.0
2734,928,52,3,107.61,0.0
2735,928,4,4,193.39,5.0
2736,928,48,4,126.95,15.0
2737,928,93,3,161.42,0.0
2738,929,26,4,138.84,0.0
2739,929,47,4,144.15,20.0
2740,929,31,3,101.08,0.0
2741,930,17,3,209.57,0.0
2742,930,11,1,41.29,0.0
2743,930,23,1,165.25,0.0
2744,931,19,4,232.32,0.0
2745,931,42,4,164.24,0.0
2746,931,48,2,126.95,0.0
2747,931,74,3,59.17,0.0
2748,931,49,3,51.93,5.0
2749,932,7,2,189.9,0.0
2750,932,86,2,118.78,15.0
2751,932,34,1,230.02,0.0
2752,933,29,1,182.29,0.0
2753,933,85,1,22.63,0.0
2754,933,59,3,137.97,15.0
2755,933,14,2,132.45,15.0
2756,934,36,3,64.71,0.0
2757,934,41,-4,105.88,10.0
2758,934,21,-4,68.66,0.0
2759,934,27,2,112.42,15.0
2760,934,47,1,144.15,0.0
2761,935,58,4,114.17,0.0
2762,935,17,4,209.57,0.0
2763,935,74,4,59.17,0.0
2764,935,56,3,16.47,15.0
2765,936,9,-1,137.06,15.0
2766,936,4,4,193.39,0.0
2767,936,48,-2,126.95,0.0
2768,936,42,4,164.24,15.0
2769,936,84,1,143.06,0.0
2770,937,81,-1,243.31,0.0
2771,937,89,3,190.17,0.0
2772,937,12,-4,127.97,5.0
2773,937,64,2,7.71,0.0
2774,937,22,4,240.26,0.0
2775,938,20,4,234.75,0.0
2776,938,82,2,233.51,10.0
2777,939,29,4,182.29,0.0
2778,939,17,3,209.57,20.0
2779,939,30,4,231.76,0.0
2780,940,78,2,244.02,10.0
2781,940,64,2,7.71,0.0
2782,940,16,1,47.12,0.0
2783,940,65,1,128.61,0.0
2784,941,81,4,243.31,5.0
2785,941,24,3,140.86,0.0
2786,941,91,3,103.0,0.0
2787,941,12,-2,127.97,20.0
2788,941,64,2,7.71,20.0
2789,942,78,-3,244.02,0.0
2790,943,23,3,165.25,0.0
2791,943,94,4,115.85,0.0
2792,944,32,1,130.85,0.0
2793,944,9,4,137.06,0.0
2794,944,83,2,48.63,0.0
2795,944,15,3,82.54,0.0
2796,945,20,1,234.75,0.0
2797,945,2,4,110.24,0.0
2798,945,85,1,22.63,0.0
2799,946,50,3,249.28,5.0
2800,946,9,1,137.06,0.0
2801,946,41,3,105.88,0.0
2802,947,93,3,161.42,0.0
2803,947,35,1,26.29,0.0
2804,947,10,2,118.69,0.0
2805,947,73,4,97.41,0.0
2806,948,56,1,16.47,0.0
2807,948,21,4,68.66,0.0
2808,949,92,4,80.29,0.0
2809,949,56,4,16.47,0.0
2810,950,63,2,99.0,0.0
2811,950,62,4,155.64,0.0
2812,950,30,1,231.76,0.0
2813,950,11,3,41.29,0.0
2814,951,46,3,109.69,0.0
2815,951,31,1,101.08,0.0
2816,951,82,4,233.51,0.0
2817,951,27,2,112.42,0.0
2818,952,30,-2,231.76,0.0
2819,952,16,1,47.12,0.0
2820,953,82,1,233.51,0.0
2821,953,59,4,137.97,20.0
2822,953,37,4,143.56,0.0
2823,953,62,3,155.64,0.0
2824,953,1,4,52.08,0.0
2825,954,54,2,156.93,0.0
2826,955,3,-4,5.21,0.0
2827,956,73,2,97.41,20.0
2828,956,55,4,172.28,0.0
2829,956,79,3,81.42,0.0
2830,957,60,3,174.68,0.0
2831,957,93,2,161.42,0.0
2832,957,2,2,110.24,0.0
2833,957,23,2,165.25,20.0
2834,957,48,3,126.95,0.0
2835,958,51,4,109.23,0.0
2836,958,45,3,242.85,5.0
2837,958,37,3,143.56,5.0
2838,958,53,3,8.98,5.0
2839,958,85,1,22.63,5.0
2840,959,32,4,130.85,0.0
2841,959,78,3,244.02,10.0
2842,959,91,3,103.0,0.0
2843,959,34,2,230.02,0.0
2844,959,36,1,64.71,0.0
2845,960,74,3,59.17,0.0
2846,960,86,2,118.78,0.0
2847,961,62,1,155.64,0.0
2848,962,48,2,126.95,10.0
2849,962,44,2,83.73,0.0
2850,962,61,1,13.74,0.0
2851,962,75,3,227.7,0.0
2852,963,73,1,97.41,0.0
2853,963,7,3,189.9,0.0
2854,964,68,-4,85.39,0.0
2855,964,91,4,103.0,0.0
2856,964,77,4,177.17,0.0
2857,965,39,4,150.02,0.0
2858,965,25,1,169.6,0.0
2859,965,34,3,230.02,0.0
2860,965,90,2,124.02,0.0
2861,965,42,2,164.24,0.0
2862,966,40,-3,195.69,0.0
2863,966,59,-1,137.97,0.0
2864,967,4,2,193.39,0.0
2865,967,5,3,242.5,0.0
2866,967,71,1,249.99,0.0
2867,967,84,1,143.06,0.0
2868,967,41,4,105.88,0.0
2869,968,27,2,112.42,0.0
2870,968,41,3,105.88,15.0
2871,968,8,2,91.47,0.0
2872,969,58,2,114.17,0.0
2873,969,44,2,83.73,0.0
2874,970,18,3,57.52,0.0
2875,971,26,4,138.84,0.0
2876,971,33,1,56.06,5.0
2877,972,55,3,172.28,5.0
2878,972,19,3,232.32,0.0
2879,972,62,1,155.64,0.0
2880,972,79,3,81.42,0.0
2881,973,22,3,240.26,5.0
2882,973,31,2,101.08,0.0
2883,973,4,3,193.39,0.0
2884,973,28,1,83.19,0.0
2885,974,8,4,91.47,0.0
2886,974,57,4,205.57,20.0
2887,974,93,4,161.42,0.0
2888,975,34,4,230.02,0.0
2889,975,7,2,189.9,0.0
2890,976,65,2,128.61,0.0
2891,976,9,1,137.06,10.0
2892,976,24,3,140.86,0.0
2893,977,63,2,99.0,5.0
2894,977,32,1,130.85,0.0
2895,978,6,4,198.49,10.0
2896,978,31,1,101.08,0.0
2897,978,90,1,124.02,0.0
2898,978,45,1,242.85,10.0
2899,978,89,4,190.17,0.0
2900,979,76,3,146.51,0.0
2901,980,23,4,165.25,15.0
2902,980,19,3,232.32,0.0
2903,981,20,4,234.75,0.0
2904,981,19,3,232.32,0.0
2905,981,15,3,82.54,0.0
2906,982,26,3,138.84,0.0
2907,982,38,1,122.19,0.0
2908,983,35,4,26.29,0.0
2909,984,88,2,6.71,5.0
2910,984,45,4,242.85,0.0
2911,984,10,2,118.69,0.0
2912,984,79,2,81.42,0.0
2913,984,41,3,105.88,0.0
2914,985,21,2,68.66,0.0
2915,985,46,1,109.69,10.0
2916,986,84,3,143.06,0.0
2917,987,53,2,8.98,0.0
2918,987,28,3,83.19,5.0
2919,987,6,4,198.49,0.0
2920,988,80,3,210.36,20.0
2921,988,93,1,161.42,0.0
2922,989,13,1,156.19,0.0
2923,989,25,1,169.6,0.0
2924,989,27,2,112.42,5.0
2925,990,23,1,165.25,0.0
2926,991,20,4,234.75,0.0
2927,991,56,-1,16.47,0.0
2928,991,70,-3,71.14,0.0
2929,991,54,4,156.93,0.0
2930,991,69,2,89.92,0.0
2931,992,82,3,233.51,0.0
2932,992,68,4,85.39,0.0
2933,992,62,3,155.64,15.0
2934,992,32,4,130.85,5.0
2935,993,15,2,82.54,5.0
2936,993,79,4,81.42,10.0
2937,994,6,3,198.49,0.0
2938,995,73,4,97.41,0.0
2939,995,90,4,124.02,0.0
2940,995,15,3,82.54,0.0
2941,995,12,1,127.97,0.0
2942,995,61,2,13.74,0.0
2943,996,3,1,5.21,0.0
2944,996,95,3,135.85,15.0
2945,996,89,2,190.17,0.0
2946,996,22,2,240.26,0.0
2947,997,23,2,165.25,0.0
2948,997,35,1,26.29,15.0
2949,997,32,2,130.85,15.0
2950,998,58,4,114.17,0.0
2951,999,23,2,165.25,10.0
2952,999,72,4,58.72,0.0
2953,1000,44,4,83.73,0.0
2954,1000,82,4,233.51,0.0
2955,1000,15,4,82.54,0.0
2956,1000,81,1,243.31,0.0
2957,1000,70,1,71.14,0.0
2958,1001,13,2,156.19,0.0
2959,1001,87,2,36.97,0.0
2960,1002,62,1,155.64,0.0
2961,1002,64,3,7.71,10.0
2962,1002,50,2,249.28,0.0
2963,1002,13,1,156.19,10.0
2964,1003,78,4,244.02,15.0
2965,1003,57,1,205.57,0.0
2966,1003,53,4,8.98,0.0
2967,1003,15,2,82.54,0.0
2968,1004,90,4,124.02,20.0
2969,1004,51,4,109.23,5.0
2970,1005,27,2,112.42,0.0
2971,1005,40,2,195.69,0.0
2972,1005,79,4,81.42,0.0
2973,1005,65,1,128.61,5.0
2974,1006,81,4,243.31,0.0
2975,1006,61,3,13.74,0.0
2976,1006,19,4,232.32,0.0
2977,1007,59,3,137.97,0.0
2978,1007,40,3,195.69,0.0
2979,1007,88,1,6.71,20.0
2980,1007,64,2,7.71,10.0
2981,1007,33,3,56.06,0.0
2982,1008,27,1,112.42,20.0
2983,1008,52,3,107.61,5.0
2984,1008,94,1,115.85,0.0
2985,1009,51,1,109.23,0.0
2986,1009,2,2,110.24,20.0
2987,1009,42,1,164.24,0.0
2988,1009,22,3,240.26,0.0
2989,1009,16,1,47.12,0.0
2990,1010,14,2,132.45,10.0
2991,1010,29,1,182.29,0.0
2992,1010,1,3,52.08,0.0
2993,1010,72,2,58.72,0.0
2994,1010,70,4,71.14,0.0
2995,1011,58,1,114.17,0.0
2996,1011,48,2,126.95,0.0
2997,1012,46,3,109.69,0.0
2998,1012,83,3,48.63,5.0
2999,1012,27,2,112.42,10.0
3000,1012,3,3,5.21,0.0
3001,1012,50,1,249.28,0.0
3002,1013,54,1,156.93,0.0
3003,1013,83,2,48.63,0.0
3004,1014,17,4,209.57,0.0
3005,1014,77,3,177.17,20.0
3006,1014,6,4,198.49,10.0
3007,1015,15,3,82.54,0.0
3008,1015,42,4,164.24,10.0
3009,1016,78,1,244.02,0.0
3010,1017,64,4,7.71,0.0
3011,1017,40,3,195.69,0.0
3012,1017,62,4,155.64,0.0
3013,1018,18,3,57.52,0.0
3014,1019,1,2,52.08,0.0
3015,1020,82,4,233.51,0.0
3016,1020,19,4,232.32,5.0
3017,1021,42,2,164.24,0.0
3018,1021,92,3,80.29,0.0
3019,1021,87,3,36.97,0.0
3020,1021,71,3,249.99,0.0
3021,1021,22,1,240.26,20.0
3022,1022,8,3,91.47,15.0
3023,1023,34,4,230.02,0.0
3024,1024,19,3,232.32,0.0
3025,1024,39,4,150.02,0.0
3026,1024,57,3,205.57,5.0
3027,1025,5,2,242.5,0.0
3028,1025,43,1,16.37,0.0
3029,1026,31,2,101.08,0.0
3030,1026,83,1,48.63,0.0
3031,1027,62,4,155.64,0.0
3032,1027,70,3,71.14,10.0
3033,1028,57,3,205.57,0.0
3034,1029,13,1,156.19,0.0
3035,1030,57,4,205.57,0.0
3036,1030,49,1,51.93,20.0
3037,1030,21,2,68.66,0.0
3038,1030,76,4,146.51,0.0
3039,1031,79,1,81.42,0.0
3040,1032,30,2,231.76,10.0
3041,1032,74,3,59.17,0.0
3042,1032,3,1,5.21,0.0
3043,1032,69,4,89.92,0.0
3044,1033,67,4,231.81,0.0
3045,1033,39,4,150.02,0.0
3046,1033,80,3,210.36,10.0
3047,1033,86,4,118.78,0.0
3048,1033,79,3,81.42,5.0
3049,1034,19,4,232.32,0.0
3050,1034,10,1,118.69,0.0
3051,1035,2,3,110.24,0.0
3052,1035,43,3,16.37,5.0
3053,1035,75,2,227.7,5.0
3054,1035,68,2,85.39,0.0
3055,1036,27,3,112.42,5.0
3056,1037,63,1,99.0,10.0
3057,1037,69,1,89.92,5.0
3058,1037,11,2,41.29,10.0
3059,1037,36,4,64.71,0.0
3060,1037,44,1,83.73,0.0
3061,1038,29,1,182.29,0.0
3062,1038,48,3,126.95,5.0
3063,1039,25,4,169.6,0.0
3064,1039,17,1,209.57,0.0
3065,1039,87,2,36.97,5.0
3066,1040,40,3,195.69,0.0
3067,1040,18,4,57.52,0.0
3068,1040,83,1,48.63,0.0
3069,1040,41,3,105.88,10.0
3070,1041,8,2,91.47,0.0
3071,1041,18,1,57.52,15.0
3072,1041,39,-4,150.02,5.0
3073,1042,93,2,161.42,0.0
3074,1042,77,1,177.17,5.0
3075,1042,52,3,107.61,0.0
3076,1042,73,4,97.41,0.0
3077,1042,32,3,130.85,0.0
3078,1043,75,2,227.7,5.0
3079,1043,63,-1,99.0,0.0
3080,1044,31,1,101.08,10.0
3081,1044,61,4,13.74,20.0
3082,1044,63,4,99.0,0.0
3083,1044,24,3,140.86,15.0
3084,1044,59,3,137.97,0.0
3085,1045,10,4,118.69,20.0
3086,1045,5,3,242.5,0.0
3087,1045,14,2,132.45,0.0
3088,1045,80,3,210.36,0.0
3089,1046,70,1,71.14,0.0
3090,1046,1,4,52.08,0.0
3091,1046,18,4,57.52,0.0
3092,1046,63,1,99.0,0.0
3093,1046,28,3,83.19,0.0
3094,1047,28,4,83.19,0.0
3095,1047,3,1,5.21,0.0
3096,1047,74,4,59.17,0.0
3097,1048,79,3,81.42,10.0
3098,1048,66,3,150.49,0.0
3099,1048,59,2,137.97,10.0
3100,1049,59,3,137.97,0.0
3101,1050,93,3,161.42,15.0
3102,1050,5,1,242.5,0.0
3103,1050,26,2,138.84,0.0
3104,1051,28,3,83.19,0.0
3105,1051,52,-3,107.61,5.0
3106,1052,3,4,5.21,0.0
3107,1052,24,3,140.86,5.0
3108,1052,70,1,71.14,15.0
3109,1052,17,1,209.57,0.0
3110,1053,58,1,114.17,0.0
3111,1053,60,3,174.68,0.0
3112,1053,18,1,57.52,5.0
3113,1054,21,3,68.66,20.0
3114,1054,35,2,26.29,10.0
3115,1055,13,2,156.19,5.0
3116,1055,82,4,233.51,0.0
3117,1055,19,4,232.32,0.0
3118,1056,23,1,165.25,20.0
3119,1056,48,3,126.95,5.0
3120,1057,23,1,165.25,0.0
3121,1057,54,1,156.93,0.0
3122,1058,7,1,189.9,0.0
3123,1058,61,4,13.74,0.0
3124,1059,31,2,101.08,0.0
3125,1059,51,3,109.23,0.0
3126,1059,54,1,156.93,0.0
3127,1060,64,2,7.71,0.0
3128,1061,12,4,127.97,0.0
3129,1061,25,1,169.6,0.0
3130,1061,5,4,242.5,0.0
3131,1061,84,4,143.06,10.0
3132,1062,41,4,105.88,5.0
3133,1062,91,4,103.0,0.0
3134,1062,36,2,64.71,0.0
3135,1063,32,2,130.85,10.0
3136,1063,53,3,8.98,0.0
3137,1063,7,2,189.9,0.0
3138,1064,24,3,140.86,0.0
3139,1064,28,1,83.19,0.0
3140,1064,76,4,146.51,0.0
3141,1065,83,1,48.63,0.0
3142,1065,81,2,243.31,0.0
3143,1065,46,1,109.69,0.0
3144,1065,41,3,105.88,5.0
3145,1066,70,2,71.14,0.0
3146,1066,45,1,242.85,0.0
3147,1066,15,1,82.54,0.0
3148,1066,49,4,51.93,0.0
3149,1066,5,4,242.5,20.0
3150,1067,72,4,58.72,0.0
3151,1067,55,4,172.28,0.0
3152,1067,66,1,150.49,15.0
3153,1067,87,3,36.97,0.0
3154,1068,73,1,97.41,0.0
3155,1069,39,2,150.02,0.0
3156,1069,6,2,198.49,10.0
3157,1069,7,3,189.9,20.0
3158,1069,52,3,107.61,0.0
3159,1070,16,4,47.12,0.0
3160,1070,29,4,182.29,0.0
3161,1071,2,3,110.24,0.0
3162,1071,46,2,109.69,5.0
3163,1072,32,4,130.85,0.0
3164,1072,38,1,122.19,0.0
3165,1072,92,1,80.29,0.0
3166,1072,52,1,107.61,0.0
3167,1073,50,2,249.28,10.0
3168,1074,74,1,59.17,0.0
3169,1074,94,3,115.85,0.0
3170,1074,59,1,137.97,15.0
3171,1074,95,4,135.85,0.0
3172,1074,92,3,80.29,0.0
3173,1075,88,4,6.71,0.0
3174,1075,29,1,182.29,5.0
3175,1075,32,2,130.85,20.0
3176,1076,72,3,58.72,0.0
3177,1076,83,3,48.63,0.0
3178,1076,48,1,126.95,0.0
3179,1076,89,3,190.17,10.0
3180,1076,34,1,230.02,0.0
3181,1077,4,3,193.39,0.0
3182,1077,58,3,114.17,10.0
3183,1077,42,4,164.24,0.0
3184,1077,49,1,51.93,0.0
3185,1078,89,2,190.17,15.0
3186,1079,51,1,109.23,0.0
3187,1079,19,1,232.32,0.0
3188,1080,53,2,8.98,20.0
3189,1080,40,2,195.69,0.0
3190,1081,13,3,156.19,0.0
3191,1081,72,1,58.72,0.0
3192,1081,18,1,57.52,0.0
3193,1081,71,3,249.99,0.0
3194,1081,90,1,124.02,0.0
3195,1082,29,3,182.29,0.0
3196,1082,8,1,91.47,0.0
3197,1083,4,1,193.39,5.0
3198,1084,9,1,137.06,0.0
3199,1084,45,3,242.85,15.0
3200,1084,12,3,127.97,0.0
3201,1084,17,4,209.57,0.0
3202,1085,40,2,195.69,10.0
3203,1086,80,1,210.36,0.0
3204,1087,20,4,234.75,0.0
3205,1087,34,4,230.02,0.0
3206,1087,31,2,101.08,15.0
3207,1087,45,1,242.85,5.0
3208,1088,66,4,150.49,5.0
3209,1089,10,4,118.69,0.0
3210,1089,80,3,210.36,0.0
3211,1089,57,4,205.57,0.0
3212,1090,53,1,8.98,0.0
3213,1091,35,1,26.29,0.0
3214,1091,27,4,112.42,10.0
3215,1091,40,4,195.69,0.0
3216,1092,78,2,244.02,0.0
3217,1092,95,2,135.85,0.0
3218,1092,46,4,109.69,0.0
3219,1093,64,2,7.71,0.0
3220,1093,26,-4,138.84,0.0
3221,1093,70,3,71.14,10.0
3222,1093,71,2,249.99,0.0
3223,1093,11,3,41.29,0.0
3224,1094,13,1,156.19,0.0
3225,1095,93,2,161.42,0.0
3226,1096,68,-2,85.39,5.0
3227,1096,55,-4,172.28,0.0
3228,1096,1,-2,52.08,0.0
3229,1096,31,1,101.08,0.0
3230,1096,64,-1,7.71,10.0
3231,1097,14,4,132.45,5.0
3232,1097,89,4,190.17,5.0
3233,1098,46,1,109.69,5.0
3234,1098,88,3,6.71,0.0
3235,1099,81,1,243.31,0.0
3236,1100,3,4,5.21,15.0
3237,1101,18,2,57.52,15.0
3238,1101,60,1,174.68,0.0
3239,1101,77,1,177.17,0.0
3240,1101,8,-2,91.47,0.0
3241,1102,69,2,89.92,0.0
3242,1103,24,3,140.86,0.0
3243,1104,2,2,110.24,0.0
3244,1105,21,4,68.66,0.0
3245,1105,16,4,47.12,0.0
3246,1106,3,3,5.21,0.0
3247,1106,50,1,249.28,0.0
3248,1106,57,3,205.57,0.0
3249,1106,88,2,6.71,0.0
3250,1107,10,2,118.69,0.0
3251,1107,1,1,52.08,20.0
3252,1107,62,3,155.64,10.0
3253,1107,2,2,110.24,0.0
3254,1108,74,3,59.17,0.0
3255,1108,18,-1,57.52,0.0
3256,1109,30,1,231.76,0.0
3257,1109,6,1,198.49,0.0
3258,1109,19,3,232.32,5.0
3259,1110,86,-3,118.78,0.0
3260,1110,79,-1,81.42,0.0
3261,1111,65,3,128.61,0.0
3262,1111,75,3,227.7,0.0
3263,1111,55,1,172.28,0.0
3264,1111,16,1,47.12,15.0
3265,1112,48,3,126.95,0.0
3266,1112,73,2,97.41,0.0
3267,1112,64,1,7.71,5.0
3268,1112,65,4,128.61,0.0
3269,1112,13,4,156.19,0.0
3270,1113,60,1,174.68,0.0
3271,1113,19,1,232.32,0.0
3272,1113,5,1,242.5,10.0
3273,1113,46,4,109.69,0.0
3274,1114,62,1,155.64,0.0
3275,1114,86,4,118.78,0.0
3276,1115,39,3,150.02,5.0
3277,1116,34,4,230.02,20.0
3278,1116,51,4,109.23,0.0
3279,1116,88,3,6.71,20.0
3280,1117,84,2,143.06,0.0
3281,1117,49,1,51.93,10.0
3282,1117,88,2,6.71,15.0
3283,1117,27,2,112.42,5.0
3284,1118,28,4,83.19,5.0
3285,1118,68,4,85.39,0.0
3286,1119,51,1,109.23,5.0
3287,1119,76,-2,146.51,0.0
3288,1119,87,1,36.97,15.0
3289,1119,30,2,231.76,0.0
3290,1119,23,1,165.25,0.0
3291,1120,53,4,8.98,0.0
3292,1120,58,4,114.17,0.0
3293,1120,8,3,91.47,0.0
3294,1121,68,2,85.39,10.0
3295,1121,34,4,230.02,0.0
3296,1122,23,2,165.25,0.0
3297,1122,83,1,48.63,5.0
3298,1123,63,1,99.0,0.0
3299,1124,35,2,26.29,0.0
3300,1124,71,2,249.99,15.0
3301,1124,52,4,107.61,20.0
3302,1125,53,1,8.98,0.0
3303,1125,73,3,97.41,0.0
3304,1126,4,2,193.39,10.0
3305,1126,10,1,118.69,0.0
3306,1126,58,2,114.17,0.0
3307,1126,60,1,174.68,10.0
3308,1126,3,1,5.21,15.0
3309,1127,24,2,140.86,10.0
3310,1127,33,4,56.06,0.0
3311,1127,36,3,64.71,5.0
3312,1127,49,4,51.93,20.0
3313,1128,42,3,164.24,0.0
3314,1128,34,3,230.02,0.0
3315,1128,8,2,91.47,5.0
3316,1128,21,2,68.66,0.0
3317,1129,16,1,47.12,0.0
3318,1129,50,4,249.28,0.0
3319,1129,29,4,182.29,5.0
3320,1129,45,4,242.85,0.0
3321,1129,84,3,143.06,10.0
3322,1130,63,3,99.0,0.0
3323,1130,34,1,230.02,0.0
3324,1130,80,4,210.36,0.0
3325,1130,81,1,243.31,0.0
3326,1130,76,4,146.51,20.0
3327,1131,73,2,97.41,0.0
3328,1132,80,3,210.36,0.0
3329,1132,5,1,242.5,0.0
3330,1133,1,2,52.08,0.0
3331,1133,22,1,240.26,0.0
3332,1134,80,2,210.36,20.0
3333,1135,65,2,128.61,0.0
3334,1135,71,2,249.99,0.0
3335,1135,72,2,58.72,0.0
3336,1135,37,2,143.56,0.0
3337,1135,89,2,190.17,0.0
3338,1136,95,2,135.85,10.0
3339,1136,69,3,89.92,5.0
3340,1136,83,1,48.63,0.0
3341,1136,30,1,231.76,0.0
3342,1136,16,3,47.12,5.0
3343,1137,8,2,91.47,0.0
3344,1137,16,4,47.12,0.0
3345,1138,21,4,68.66,0.0
3346,1138,9,3,137.06,0.0
3347,1138,2,2,110.24,15.0
3348,1139,51,1,109.23,5.0
3349,1139,58,1,114.17,0.0
3350,1140,41,4,105.88,0.0
3351,1140,20,1,234.75,10.0
3352,1140,86,2,118.78,5.0
3353,1140,66,4,150.49,0.0
3354,1141,35,2,26.29,5.0
3355,1141,41,1,105.88,0.0
3356,1141,18,2,57.52,10.0
3357,1141,8,3,91.47,0.0
3358,1141,25,1,169.6,0.0
3359,1142,67,4,231.81,0.0
3360,1143,17,-2,209.57,0.0
3361,1143,48,2,126.95,0.0
3362,1143,89,3,190.17,0.0
3363,1143,95,1,135.85,5.0
3364,1143,33,1,56.06,0.0
3365,1144,26,4,138.84,0.0
3366,1144,27,3,112.42,10.0
3367,1144,31,1,101.08,0.0
3368,1144,22,4,240.26,5.0
3369,1144,76,3,146.51,20.0
3370,1145,95,2,135.85,20.0
3371,1145,68,3,85.39,0.0
3372,1145,25,4,169.6,0.0
3373,1146,17,3,209.57,0.0
3374,1146,85,3,22.63,0.0
3375,1146,75,-4,227.7,0.0
3376,1146,22,2,240.26,0.0
3377,1147,22,4,240.26,0.0
3378,1147,39,3,150.02,10.0
3379,1147,58,1,114.17,0.0
3380,1147,23,2,165.25,5.0
3381,1148,77,1,177.17,0.0
3382,1148,2,4,110.24,0.0
3383,1149,44,3,83.73,0.0
3384,1149,7,2,189.9,0.0
3385,1149,75,3,227.7,0.0
3386,1150,74,2,59.17,0.0
3387,1151,60,2,174.68,0.0
3388,1151,12,1,127.97,0.0
3389,1151,76,4,146.51,20.0
3390,1152,52,4,107.61,10.0
3391,1152,36,1,64.71,0.0
3392,1152,15,4,82.54,10.0
3393,1153,2,3,110.24,0.0
3394,1154,85,1,22.63,0.0
3395,1154,19,2,232.32,5.0
3396,1154,29,1,182.29,0.0
3397,1154,87,3,36.97,0.0
3398,1155,45,2,242.85,0.0
3399,1155,36,4,64.71,0.0
3400,1155,37,4,143.56,0.0
3401,1155,15,4,82.54,20.0
3402,1156,24,3,140.86,10.0
3403,1156,80,1,210.36,0.0
3404,1156,6,3,198.49,0.0
3405,1157,73,2,97.41,0.0
3406,1157,25,2,169.6,0.0
3407,1157,23,2,165.25,0.0
3408,1157,39,3,150.02,5.0
3409,1157,90,1,124.02,5.0
3410,1158,65,3,128.61,0.0
3411,1158,50,1,249.28,0.0
3412,1159,72,4,58.72,0.0
3413,1159,73,4,97.41,5.0
3414,1159,6,3,198.49,0.0
3415,1159,36,1,64.71,20.0
3416,1160,62,2,155.64,0.0
3417,1160,95,3,135.85,0.0
3418,1160,35,1,26.29,10.0
3419,1161,34,4,230.02,0.0
3420,1162,29,-3,182.29,0.0
3421,1162,59,4,137.97,0.0
3422,1162,65,4,128.61,20.0
3423,1163,30,3,231.76,0.0
3424,1163,52,1,107.61,0.0
3425,1163,71,1,249.99,15.0
3426,1163,9,2,137.06,0.0
3427,1164,43,4,16.37,0.0
3428,1164,6,4,198.49,0.0
3429,1164,90,2,124.02,0.0
3430,1165,35,2,26.29,0.0
3431,1165,55,4,172.28,0.0
3432,1165,76,4,146.51,0.0
3433,1165,66,1,150.49,10.0
3434,1166,95,4,135.85,0.0
3435,1166,24,4,140.86,15.0
3436,1167,83,3,48.63,0.0
3437,1167,65,1,128.61,0.0
3438,1167,56,2,16.47,0.0
3439,1167,43,2,16.37,0.0
3440,1167,28,2,83.19,0.0
3441,1168,3,3,5.21,0.0
3442,1168,86,2,118.78,10.0
3443,1168,82,4,233.51,0.0
3444,1169,4,2,193.39,10.0
3445,1169,53,1,8.98,0.0
3446,1169,51,2,109.23,0.0
3447,1169,27,1,112.42,0.0
3448,1170,69,2,89.92,0.0
3449,1170,21,3,68.66,20.0
3450,1170,63,2,99.0,5.0
3451,1170,16,2,47.12,0.0
3452,1170,72,4,58.72,5.0
3453,1171,52,3,107.61,0.0
3454,1171,76,2,146.51,5.0
3455,1172,39,-1,150.02,0.0
3456,1172,88,4,6.71,20.0
3457,1172,82,-2,233.51,0.0
3458,1173,68,3,85.39,0.0
3459,1173,21,2,68.66,10.0
3460,1173,35,2,26.29,5.0
3461,1173,30,1,231.76,0.0
3462,1173,72,1,58.72,0.0
3463,1174,87,3,36.97,10.0
3464,1174,15,1,82.54,0.0
3465,1175,43,-1,16.37,0.0
3466,1176,81,1,243.31,0.0
3467,1176,39,1,150.02,0.0
3468,1176,6,1,198.49,0.0
3469,1176,58,4,114.17,0.0
3470,1177,39,1,150.02,0.0
3471,1177,68,1,85.39,0.0
3472,1177,42,3,164.24,20.0
3473,1178,10,4,118.69,0.0
3474,1179,61,4,13.74,0.0
3475,1179,52,1,107.61,0.0
3476,1180,54,3,156.93,0.0
3477,1180,25,2,169.6,0.0
3478,1181,67,-1,231.81,0.0
3479,1181,88,3,6.71,15.0
3480,1181,63,-2,99.0,0.0
3481,1182,20,2,234.75,0.0
3482,1183,52,4,107.61,0.0
3483,1183,91,4,103.0,0.0
3484,1183,8,3,91.47,0.0
3485,1183,32,3,130.85,0.0
3486,1184,65,4,128.61,5.0
3487,1184,11,3,41.29,0.0
3488,1184,90,2,124.02,10.0
3489,1185,58,3,114.17,15.0
3490,1185,64,4,7.71,0.0
3491,1185,32,2,130.85,20.0
3492,1185,67,2,231.81,0.0
3493,1185,48,4,126.95,0.0
3494,1186,75,3,227.7,0.0
3495,1186,10,4,118.69,20.0
3496,1186,17,2,209.57,0.0
3497,1187,22,2,240.26,0.0
3498,1187,53,4,8.98,0.0
3499,1188,49,2,51.93,0.0
3500,1188,79,2,81.42,0.0
3501,1188,76,4,146.51,10.0
3502,1189,79,1,81.42,0.0
3503,1189,24,2,140.86,0.0
3504,1189,48,2,126.95,0.0
3505,1189,56,3,16.47,10.0
3506,1190,77,2,177.17,20.0
3507,1190,11,4,41.29,0.0
3508,1191,52,1,107.61,20.0
3509,1191,19,3,232.32,5.0
3510,1191,79,2,81.42,10.0
3511,1191,93,3,161.42,5.0
3512,1192,67,4,231.81,0.0
3513,1192,74,4,59.17,0.0
3514,1193,39,2,150.02,0.0
3515,1193,21,1,68.66,0.0
3516,1193,86,2,118.78,0.0
3517,1193,90,2,124.02,0.0
3518,1194,14,2,132.45,15.0
3519,1194,80,1,210.36,0.0
3520,1194,34,3,230.02,0.0
3521,1194,72,2,58.72,10.0
3522,1194,52,1,107.61,0.0
3523,1195,53,3,8.98,0.0
3524,1195,13,3,156.19,0.0
3525,1195,68,2,85.39,0.0
3526,1195,56,-3,16.47,0.0
3527,1196,52,1,107.61,0.0
3528,1196,13,-2,156.19,20.0
3529,1196,2,-3,110.24,0.0
3530,1197,75,2,227.7,0.0
3531,1197,77,2,177.17,0.0
3532,1197,93,1,161.42,0.0
3533,1197,10,2,118.69,10.0
3534,1197,76,3,146.51,0.0
3535,1198,56,4,16.47,10.0
3536,1198,4,2,193.39,0.0
3537,1198,57,1,205.57,15.0
3538,1198,69,1,89.92,0.0
3539,1199,81,3,243.31,0.0
3540,1199,5,2,242.5,20.0
3541,1199,89,2,190.17,10.0
3542,1199,72,3,58.72,0.0
3543,1200,72,3,58.72,0.0
3544,1201,58,4,114.17,0.0
3545,1201,34,2,230.02,0.0
3546,1201,35,1,26.29,15.0
3547,1202,2,1,110.24,5.0
3548,1202,76,3,146.51,10.0
3549,1202,32,1,130.85,0.0
3550,1203,70,1,71.14,0.0
3551,1204,66,4,150.49,0.0
3552,1204,48,3,126.95,0.0
3553,1205,51,2,109.23,0.0
3554,1205,42,3,164.24,0.0
3555,1206,27,2,112.42,0.0
3556,1206,93,-2,161.42,0.0
3557,1207,56,4,16.47,0.0
3558,1208,77,1,177.17,0.0
3559,1209,49,3,51.93,0.0
3560,1209,13,1,156.19,0.0
3561,1209,43,4,16.37,0.0
3562,1209,69,1,89.92,0.0
3563,1210,3,2,5.21,0.0
3564,1210,41,4,105.88,0.0
3565,1211,62,1,155.64,10.0
3566,1211,93,2,161.42,15.0
3567,1211,90,2,124.02,0.0
3568,1212,94,3,115.85,0.0
3569,1212,32,4,130.85,10.0
3570,1212,74,4,59.17,0.0
3571,1213,1,2,52.08,5.0
3572,1213,47,1,144.15,5.0
3573,1213,30,3,231.76,0.0
3574,1213,2,3,110.24,0.0
3575,1214,7,1,189.9,0.0
3576,1214,43,2,16.37,0.0
3577,1214,51,1,109.23,0.0
3578,1214,31,2,101.08,5.0
3579,1215,70,1,71.14,20.0
3580,1215,76,1,146.51,0.0
3581,1215,16,-1,47.12,0.0
3582,1215,2,3,110.24,0.0
3583,1215,28,4,83.19,0.0
3584,1216,51,1,109.23,0.0
3585,1216,6,4,198.49,0.0
3586,1217,35,2,26.29,0.0
3587,1217,81,3,243.31,5.0
3588,1217,76,3,146.51,0.0
3589,1218,81,1,243.31,5.0
3590,1219,37,4,143.56,0.0
3591,1219,43,2,16.37,0.0
3592,1219,51,3,109.23,0.0
3593,1220,2,4,110.24,10.0
3594,1220,31,3,101.08,0.0
3595,1220,53,1,8.98,0.0
3596,1220,14,3,132.45,0.0
3597,1221,9,3,137.06,0.0
3598,1221,47,3,144.15,20.0
3599,1221,65,1,128.61,0.0
3600,1222,41,-4,105.88,0.0
3601,1223,10,3,118.69,0.0
3602,1223,27,3,112.42,0.0
3603,1223,32,4,130.85,20.0
3604,1224,7,1,189.9,5.0
3605,1224,41,4,105.88,0.0
3606,1224,93,3,161.42,10.0
3607,1224,59,4,137.97,0.0
3608,1224,16,4,47.12,0.0
3609,1225,34,4,230.02,0.0
3610,1225,81,1,243.31,0.0
3611,1225,86,4,118.78,0.0
3612,1225,72,2,58.72,20.0
3613,1226,1,1,52.08,0.0
3614,1226,83,2,48.63,0.0
3615,1227,89,4,190.17,0.0
3616,1227,91,2,103.0,0.0
3617,1228,42,2,164.24,10.0
3618,1228,31,4,101.08,0.0
3619,1229,31,2,101.08,5.0
3620,1229,80,3,210.36,0.0
3621,1229,91,1,103.0,0.0
3622,1229,21,2,68.66,0.0
3623,1230,25,-3,169.6,20.0
3624,1230,30,4,231.76,0.0
3625,1230,23,2,165.25,0.0
3626,1230,67,4,231.81,0.0
3627,1230,36,1,64.71,0.0
3628,1231,73,1,97.41,0.0
3629,1231,89,2,190.17,0.0
3630,1231,78,1,244.02,5.0
3631,1231,80,4,210.36,5.0
3632,1232,17,4,209.57,0.0
3633,1232,64,1,7.71,5.0
3634,1233,57,1,205.57,0.0
3635,1234,41,2,105.88,0.0
3636,1234,22,1,240.26,5.0
3637,1234,80,1,210.36,0.0
3638,1234,65,3,128.61,5.0
3639,1234,39,2,150.02,10.0
3640,1235,22,3,240.26,0.0
3641,1235,55,4,172.28,0.0
3642,1235,59,-1,137.97,0.0
3643,1235,54,3,156.93,5.0
3644,1235,18,4,57.52,5.0
3645,1236,41,2,105.88,0.0
3646,1236,77,2,177.17,20.0
3647,1236,63,4,99.0,5.0
3648,1237,91,3,103.0,10.0
3649,1237,65,1,128.61,10.0
3650,1237,55,2,172.28,0.0
3651,1237,5,4,242.5,5.0
3652,1237,76,4,146.51,0.0
3653,1238,13,1,156.19,15.0
3654,1238,17,3,209.57,0.0
3655,1238,21,-3,68.66,0.0
3656,1238,92,-1,80.29,0.0
3657,1239,39,3,150.02,0.0
3658,1239,23,4,165.25,5.0
3659,1239,82,4,233.51,0.0
3660,1239,21,2,68.66,15.0
3661,1240,8,3,91.47,0.0
3662,1240,43,1,16.37,0.0
3663,1240,85,1,22.63,20.0
3664,1240,70,2,71.14,0.0
3665,1241,74,-4,59.17,0.0
3666,1241,77,4,177.17,0.0
3667,1241,69,-4,89.92,0.0
3668,1241,35,2,26.29,10.0
3669,1242,8,4,91.47,0.0
3670,1242,74,1,59.17,0.0
3671,1242,19,3,232.32,0.0
3672,1242,54,3,156.93,5.0
3673,1242,11,4,41.29,20.0
3674,1243,46,-2,109.69,0.0
3675,1243,64,-1,7.71,0.0
3676,1243,13,4,156.19,5.0
3677,1244,10,3,118.69,0.0
3678,1244,54,1,156.93,0.0
3679,1244,49,3,51.93,10.0
3680,1245,38,2,122.19,0.0
3681,1245,1,4,52.08,0.0
3682,1245,19,2,232.32,10.0
3683,1245,26,4,138.84,10.0
3684,1246,80,3,210.36,10.0
3685,1247,23,1,165.25,5.0
3686,1248,4,3,193.39,5.0
3687,1248,78,2,244.02,0.0
3688,1249,61,3,13.74,0.0
3689,1249,77,2,177.17,0.0
3690,1249,63,1,99.0,0.0
3691,1249,74,4,59.17,0.0
3692,1249,18,1,57.52,0.0
3693,1250,66,3,150.49,0.0
3694,1250,2,2,110.24,0.0
3695,1250,74,1,59.17,10.0
3696,1251,1,3,52.08,0.0
3697,1251,22,1,240.26,10.0
3698,1251,92,1,80.29,0.0
3699,1251,79,2,81.42,0.0
3700,1252,20,1,234.75,0.0
3701,1252,6,4,198.49,0.0
3702,1252,30,4,231.76,0.0
3703,1253,9,3,137.06,20.0
3704,1253,66,2,150.49,0.0
3705,1253,55,2,172.28,10.0
3706,1254,14,2,132.45,0.0
3707,1254,74,2,59.17,0.0
3708,1254,54,4,156.93,0.0
3709,1255,22,4,240.26,0.0
3710,1255,59,2,137.97,0.0
3711,1255,54,4,156.93,0.0
3712,1256,48,1,126.95,20.0
3713,1257,19,3,232.32,0.0
3714,1257,49,4,51.93,0.0
3715,1257,47,1,144.15,15.0
3716,1258,84,1,143.06,0.0
3717,1258,61,1,13.74,20.0
3718,1259,41,4,105.88,0.0
3719,1259,35,3,26.29,10.0
3720,1259,92,4,80.29,0.0
3721,1259,70,3,71.14,0.0
3722,1260,68,1,85.39,10.0
3723,1260,10,2,118.69,0.0
3724,1260,70,1,71.14,0.0
3725,1260,80,1,210.36,0.0
3726,1260,88,1,6.71,0.0
3727,1261,22,3,240.26,0.0
3728,1261,52,4,107.61,0.0
3729,1261,71,1,249.99,10.0
3730,1261,27,1,112.42,0.0
3731,1262,24,1,140.86,15.0
3732,1263,70,4,71.14,10.0
3733,1263,13,1,156.19,0.0
3734,1263,20,2,234.75,10.0
3735,1263,73,1,97.41,0.0
3736,1263,83,4,48.63,0.0
3737,1264,59,-2,137.97,5.0
3738,1265,29,4,182.29,0.0
3739,1265,36,4,64.71,15.0
3740,1266,59,4,137.97,10.0
3741,1266,66,2,150.49,20.0
3742,1266,79,2,81.42,0.0
3743,1267,22,2,240.26,0.0
3744,1268,87,1,36.97,0.0
3745,1268,5,2,242.5,5.0
3746,1268,46,-3,109.69,0.0
3747,1268,17,-2,209.57,0.0
3748,1269,30,3,231.76,10.0
3749,1269,83,2,48.63,0.0
3750,1270,5,4,242.5,10.0
3751,1271,82,3,233.51,0.0
3752,1271,39,3,150.02,0.0
3753,1272,93,1,161.42,0.0
3754,1272,55,2,172.28,0.0
3755,1272,39,4,150.02,0.0
3756,1272,3,4,5.21,0.0
3757,1273,91,2,103.0,0.0
3758,1273,21,2,68.66,0.0
3759,1273,77,4,177.17,20.0
3760,1273,86,2,118.78,5.0
3761,1274,91,2,103.0,20.0
3762,1274,85,2,22.63,0.0
3763,1274,39,3,150.02,0.0
3764,1275,32,4,130.85,15.0
3765,1275,75,3,227.7,0.0
3766,1275,56,4,16.47,10.0
3767,1275,50,3,249.28,0.0
3768,1275,4,1,193.39,0.0
3769,1276,35,4,26.29,0.0
3770,1276,95,1,135.85,0.0
3771,1276,79,2,81.42,10.0
3772,1276,15,1,82.54,0.0
3773,1277,13,3,156.19,0.0
3774,1277,30,4,231.76,0.0
3775,1277,39,1,150.02,5.0
3776,1278,95,2,135.85,0.0
3777,1279,26,2,138.84,0.0
3778,1279,4,3,193.39,20.0
3779,1280,72,2,58.72,0.0
3780,1281,10,4,118.69,0.0
3781,1281,1,-1,52.08,10.0
3782,1281,18,-2,57.52,0.0
3783,1281,41,-2,105.88,0.0
3784,1282,54,3,156.93,0.0
3785,1282,63,1,99.0,0.0
3786,1283,36,3,64.71,0.0
3787,1283,52,2,107.61,0.0
3788,1283,16,3,47.12,0.0
3789,1284,7,2,189.9,0.0
3790,1284,15,2,82.54,0.0
3791,1284,71,1,249.99,0.0
3792,1284,50,3,249.28,5.0
3793,1285,82,4,233.51,0.0
3794,1285,24,3,140.86,0.0
3795,1286,43,1,16.37,5.0
3796,1286,44,2,83.73,10.0
3797,1287,19,1,232.32,5.0
3798,1287,24,-2,140.86,15.0
3799,1287,69,3,89.92,5.0
3800,1287,30,1,231.76,0.0
3801,1288,90,4,124.02,0.0
3802,1288,76,3,146.51,0.0
3803,1288,59,2,137.97,10.0
3804,1289,57,4,205.57,0.0
3805,1289,64,2,7.71,0.0
3806,1290,62,1,155.64,0.0
3807,1290,32,1,130.85,0.0
3808,1290,11,4,41.29,0.0
3809,1290,40,4,195.69,0.0
3810,1290,27,1,112.42,15.0
3811,1291,13,4,156.19,0.0
3812,1291,6,3,198.49,0.0
3813,1291,79,2,81.42,0.0
3814,1291,86,4,118.78,10.0
3815,1292,85,3,22.63,15.0
3816,1292,26,2,138.84,5.0
3817,1292,32,2,130.85,0.0
3818,1292,93,1,161.42,0.0
3819,1292,10,2,118.69,0.0
3820,1293,87,3,36.97,15.0
3821,1294,4,4,193.39,0.0
3822,1294,52,1,107.61,0.0
3823,1295,13,4,156.19,0.0
3824,1296,5,3,242.5,0.0
3825,1297,18,1,57.52,10.0
3826,1297,84,1,143.06,5.0
3827,1297,4,3,193.39,0.0
3828,1297,13,2,156.19,0.0
3829,1298,49,3,51.93,0.0
3830,1298,15,4,82.54,0.0
3831,1298,28,3,83.19,0.0
3832,1298,21,3,68.66,0.0
3833,1298,32,4,130.85,0.0
3834,1299,75,4,227.7,0.0
3835,1299,66,2,150.49,5.0
3836,1299,56,3,16.47,0.0
3837,1300,85,-3,22.63,0.0
3838,1300,74,2,59.17,10.0
3839,1300,71,1,249.99,0.0
3840,1301,63,3,99.0,5.0
3841,1301,50,1,249.28,0.0
3842,1301,21,4,68.66,0.0
3843,1302,75,3,227.7,10.0
3844,1302,90,3,124.02,15.0
3845,1302,48,4,126.95,0.0
3846,1302,21,3,68.66,0.0
3847,1303,82,3,233.51,5.0
3848,1303,74,2,59.17,0.0
3849,1304,61,4,13.74,10.0
3850,1304,11,4,41.29,20.0
3851,1304,21,2,68.66,0.0
3852,1305,55,4,172.28,5.0
3853,1305,32,4,130.85,5.0
3854,1305,86,2,118.78,0.0
3855,1305,74,4,59.17,0.0
3856,1305,4,2,193.39,0.0
3857,1306,87,1,36.97,0.0
3858,1306,65,2,128.61,0.0
3859,1307,17,2,209.57,5.0
3860,1307,49,1,51.93,15.0
3861,1307,8,3,91.47,0.0
3862,1307,61,4,13.74,10.0
3863,1308,74,2,59.17,20.0
3864,1308,27,3,112.42,0.0
3865,1308,16,2,47.12,0.0
3866,1309,19,2,232.32,0.0
3867,1309,75,3,227.7,0.0
3868,1309,82,4,233.51,0.0
3869,1310,81,3,243.31,0.0
3870,1310,39,1,150.02,20.0
3871,1310,2,1,110.24,0.0
3872,1310,28,4,83.19,5.0
3873,1310,51,4,109.23,5.0
3874,1311,53,2,8.98,0.0
3875,1312,22,3,240.26,5.0
3876,1313,78,1,244.02,0.0
3877,1313,35,2,26.29,0.0
3878,1313,94,3,115.85,0.0
3879,1313,75,4,227.7,10.0
3880,1313,5,2,242.5,20.0
3881,1314,70,1,71.14,20.0
3882,1314,89,4,190.17,0.0
3883,1314,34,2,230.02,0.0
3884,1314,12,3,127.97,15.0
3885,1314,94,1,115.85,0.0
3886,1315,7,3,189.9,0.0
3887,1316,16,1,47.12,10.0
3888,1316,52,1,107.61,0.0
3889,1316,70,2,71.14,0.0
3890,1316,5,2,242.5,0.0
3891,1317,41,1,105.88,0.0
3892,1317,26,4,138.84,0.0
3893,1318,49,1,51.93,10.0
3894,1318,8,1,91.47,5.0
3895,1318,11,1,41.29,0.0
3896,1318,42,2,164.24,5.0
3897,1318,62,1,155.64,0.0
3898,1319,67,1,231.81,0.0
3899,1319,72,1,58.72,0.0
3900,1320,90,4,124.02,0.0
3901,1320,10,3,118.69,0.0
3902,1320,78,3,244.02,10.0
3903,1320,28,2,83.19,0.0
3904,1321,39,4,150.02,0.0
3905,1321,79,3,81.42,0.0
3906,1321,15,2,82.54,0.0
3907,1321,85,3,22.63,10.0
3908,1322,7,4,189.9,20.0
3909,1322,53,2,8.98,0.0
3910,1322,77,4,177.17,0.0
3911,1323,95,2,135.85,0.0
3912,1323,40,3,195.69,0.0
3913,1323,10,1,118.69,15.0
3914,1323,1,4,52.08,0.0
3915,1324,37,1,143.56,0.0
3916,1324,65,1,128.61,0.0
3917,1324,73,3,97.41,0.0
3918,1324,77,3,177.17,15.0
3919,1324,29,4,182.29,0.0
3920,1325,59,2,137.97,0.0
3921,1326,49,1,51.93,0.0
3922,1326,2,1,110.24,0.0
3923,1326,61,3,13.74,0.0
3924,1327,24,4,140.86,5.0
3925,1327,34,1,230.02,10.0
3926,1327,6,1,198.49,20.0
3927,1327,90,4,124.02,0.0
3928,1328,19,2,232.32,0.0
3929,1328,1,1,52.08,0.0
3930,1328,61,2,13.74,0.0
3931,1328,53,2,8.98,0.0
3932,1328,22,2,240.26,0.0
3933,1329,20,3,234.75,20.0
3934,1329,68,3,85.39,0.0
3935,1329,25,3,169.6,0.0
3936,1330,14,2,132.45,0.0
3937,1330,91,1,103.0,10.0
3938,1330,15,3,82.54,0.0
3939,1331,56,3,16.47,0.0
3940,1332,31,1,101.08,0.0
3941,1332,4,3,193.39,0.0
3942,1332,17,3,209.57,15.0
3943,1332,70,3,71.14,0.0
3944,1332,3,1,5.21,0.0
3945,1333,61,4,13.74,0.0
3946,1333,72,2,58.72,0.0
3947,1333,53,2,8.98,0.0
3948,1334,29,1,182.29,0.0
3949,1334,45,2,242.85,0.0
3950,1334,64,1,7.71,0.0
3951,1334,72,1,58.72,0.0
3952,1335,41,3,105.88,0.0
3953,1336,90,3,124.02,0.0
3954,1336,3,1,5.21,10.0
3955,1336,70,4,71.14,0.0
3956,1337,70,1,71.14,0.0
3957,1337,55,4,172.28,0.0
3958,1337,2,2,110.24,0.0
3959,1337,49,3,51.93,0.0
3960,1337,9,1,137.06,0.0
3961,1338,85,1,22.63,0.0
3962,1338,72,2,58.72,0.0
3963,1338,9,3,137.06,0.0
3964,1338,39,4,150.02,0.0
3965,1339,59,3,137.97,10.0
3966,1339,64,1,7.71,0.0
3967,1339,24,2,140.86,0.0
3968,1340,5,3,242.5,0.0
3969,1341,77,3,177.17,0.0
3970,1341,14,3,132.45,10.0
3971,1341,42,1,164.24,0.0
3972,1341,69,4,89.92,0.0
3973,1342,8,2,91.47,0.0
3974,1342,31,3,101.08,0.0
3975,1342,28,3,83.19,0.0
3976,1342,29,2,182.29,10.0
3977,1343,6,1,198.49,15.0
3978,1343,36,2,64.71,0.0
3979,1344,21,2,68.66,10.0
3980,1344,13,1,156.19,0.0
3981,1344,63,2,99.0,0.0
3982,1344,38,2,122.19,10.0
3983,1345,17,1,209.57,20.0
3984,1345,46,1,109.69,10.0
3985,1346,1,1,52.08,0.0
3986,1346,24,1,140.86,0.0
3987,1346,20,2,234.75,0.0
3988,1347,11,1,41.29,0.0
3989,1347,78,2,244.02,5.0
3990,1347,8,3,91.47,0.0
3991,1347,1,4,52.08,0.0
3992,1348,66,3,150.49,0.0
3993,1349,1,3,52.08,5.0
3994,1349,37,2,143.56,0.0
3995,1350,37,3,143.56,0.0
3996,1351,79,3,81.42,15.0
3997,1352,86,4,118.78,0.0
3998,1353,85,4,22.63,0.0
3999,1353,61,1,13.74,5.0
4000,1354,53,1,8.98,5.0
4001,1355,62,4,155.64,0.0
4002,1355,81,4,243.31,0.0
4003,1355,71,2,249.99,0.0
4004,1355,88,2,6.71,0.0
4005,1356,18,4,57.52,10.0
4006,1357,64,1,7.71,0.0
4007,1357,11,2,41.29,0.0
4008,1358,44,2,83.73,10.0
4009,1358,32,1,130.85,0.0
4010,1358,73,3,97.41,0.0
4011,1358,69,4,89.92,0.0
4012,1359,63,2,99.0,10.0
4013,1360,68,1,85.39,0.0
4014,1360,18,3,57.52,0.0
4015,1361,38,2,122.19,10.0
4016,1361,24,3,140.86,0.0
4017,1361,56,2,16.47,0.0
4018,1361,57,3,205.57,0.0
4019,1362,41,4,105.88,0.0
4020,1362,50,4,249.28,0.0
4021,1362,79,4,81.42,0.0
4022,1362,61,3,13.74,10.0
4023,1363,53,-3,8.98,0.0
4024,1363,81,2,243.31,0.0
4025,1363,18,4,57.52,0.0
4026,1364,54,2,156.93,5.0
4027,1364,92,1,80.29,0.0
4028,1364,64,2,7.71,0.0
4029,1364,23,3,165.25,10.0
4030,1365,1,2,52.08,0.0
4031,1365,24,4,140.86,0.0
4032,1365,19,1,232.32,0.0
4033,1366,15,1,82.54,0.0
4034,1366,67,-2,231.81,0.0
4035,1366,38,2,122.19,0.0
4036,1367,9,4,137.06,0.0
4037,1367,92,4,80.29,0.0
4038,1367,51,2,109.23,0.0
4039,1368,15,1,82.54,20.0
4040,1369,65,4,128.61,10.0
4041,1369,35,2,26.29,0.0
4042,1369,17,2,209.57,0.0
4043,1370,89,4,190.17,0.0
4044,1370,70,1,71.14,0.0
4045,1371,37,3,143.56,15.0
4046,1371,56,3,16.47,0.0
4047,1371,77,1,177.17,0.0
4048,1371,18,2,57.52,0.0
4049,1371,4,3,193.39,5.0
4050,1372,10,1,118.69,10.0
4051,1373,70,1,71.14,0.0
4052,1374,33,1,56.06,0.0
4053,1374,82,3,233.51,0.0
4054,1374,9,3,137.06,0.0
4055,1375,82,2,233.51,0.0
4056,1375,84,4,143.06,0.0
4057,1375,14,1,132.45,0.0
4058,1375,36,1,64.71,0.0
4059,1375,66,4,150.49,0.0
4060,1376,71,1,249.99,0.0
4061,1376,34,4,230.02,5.0
4062,1376,5,1,242.5,0.0
4063,1376,12,2,127.97,0.0
4064,1377,55,4,172.28,10.0
4065,1377,67,4,231.81,0.0
4066,1377,15,2,82.54,0.0
4067,1377,11,2,41.29,0.0
4068,1378,27,1,112.42,0.0
4069,1378,48,4,126.95,0.0
4070,1378,25,2,169.6,0.0
4071,1378,33,2,56.06,0.0
4072,1378,46,-2,109.69,0.0
4073,1379,9,3,137.06,0.0
4074,1380,1,1,52.08,0.0
4075,1380,26,3,138.84,0.0
4076,1381,83,3,48.63,10.0
4077,1381,29,1,182.29,0.0
4078,1381,33,2,56.06,10.0
4079,1381,41,3,105.88,15.0
4080,1381,9,4,137.06,0.0
4081,1382,69,4,89.92,0.0
4082,1383,61,3,13.74,0.0
4083,1383,59,2,137.97,0.0
4084,1383,15,4,82.54,0.0
4085,1383,16,4,47.12,0.0
4086,1384,19,3,232.32,0.0
4087,1385,95,4,135.85,20.0
4088,1385,85,1,22.63,5.0
4089,1385,62,4,155.64,15.0
4090,1386,91,3,103.0,0.0
4091,1386,79,4,81.42,0.0
4092,1386,56,4,16.47,0.0
4093,1387,21,2,68.66,20.0
4094,1387,37,4,143.56,0.0
4095,1388,17,1,209.57,5.0
4096,1388,12,2,127.97,20.0
4097,1389,86,1,118.78,0.0
4098,1389,32,1,130.85,0.0
4099,1389,54,3,156.93,0.0
4100,1389,7,1,189.9,0.0
4101,1390,65,1,128.61,0.0
4102,1391,44,2,83.73,0.0
4103,1391,77,3,177.17,0.0
4104,1391,59,2,137.97,0.0
4105,1391,72,1,58.72,0.0
4106,1392,33,4,56.06,0.0
4107,1393,3,1,5.21,15.0
4108,1393,27,2,112.42,0.0
4109,1394,69,2,89.92,20.0
4110,1394,43,4,16.37,0.0
4111,1394,34,3,230.02,0.0
4112,1394,76,1,146.51,0.0
4113,1395,39,4,150.02,5.0
4114,1396,27,1,112.42,0.0
4115,1396,19,2,232.32,5.0
4116,1396,64,2,7.71,20.0
4117,1397,2,1,110.24,0.0
4118,1397,12,1,127.97,0.0
4119,1398,67,3,231.81,10.0
4120,1398,15,1,82.54,0.0
4121,1398,94,2,115.85,0.0
4122,1398,1,3,52.08,0.0
4123,1399,95,2,135.85,0.0
4124,1399,30,4,231.76,0.0
4125,1399,7,2,189.9,5.0
4126,1399,34,4,230.02,0.0
4127,1399,91,1,103.0,0.0
4128,1400,74,3,59.17,5.0
4129,1400,39,1,150.02,10.0
4130,1400,59,2,137.97,0.0
4131,1401,79,4,81.42,0.0
4132,1402,13,1,156.19,5.0
4133,1402,72,2,58.72,0.0
4134,1403,52,4,107.61,0.0
4135,1404,70,3,71.14,0.0
4136,1404,28,4,83.19,10.0
4137,1404,53,2,8.98,0.0
4138,1404,31,4,101.08,0.0
4139,1404,56,2,16.47,0.0
4140,1405,73,2,97.41,0.0
4141,1406,83,1,48.63,0.0
4142,1406,78,2,244.02,10.0
4143,1406,87,1,36.97,0.0
4144,1406,92,3,80.29,0.0
4145,1406,69,4,89.92,0.0
4146,1407,71,2,249.99,15.0
4147,1408,91,3,103.0,0.0
4148,1409,75,3,227.7,10.0
4149,1409,25,3,169.6,10.0
4150,1409,74,4,59.17,0.0
4151,1409,9,1,137.06,10.0
4152,1409,18,3,57.52,0.0
4153,1410,24,2,140.86,0.0
4154,1410,34,4,230.02,0.0
4155,1410,35,4,26.29,0.0
4156,1410,77,4,177.17,20.0
4157,1410,91,2,103.0,0.0
4158,1411,44,1,83.73,0.0
4159,1411,82,4,233.51,10.0
4160,1412,85,2,22.63,20.0
4161,1412,83,2,48.63,0.0
4162,1412,77,2,177.17,0.0
4163,1412,45,2,242.85,10.0
4164,1413,82,3,233.51,5.0
4165,1413,26,4,138.84,0.0
4166,1413,3,4,5.21,0.0
4167,1413,18,4,57.52,0.0
4168,1414,89,3,190.17,0.0
4169,1414,12,3,127.97,0.0
4170,1414,83,-4,48.63,5.0
4171,1414,36,4,64.71,0.0
4172,1415,36,4,64.71,0.0
4173,1416,86,2,118.78,0.0
4174,1416,35,2,26.29,15.0
4175,1417,56,3,16.47,0.0
4176,1417,51,1,109.23,10.0
4177,1418,38,2,122.19,0.0
4178,1418,32,3,130.85,0.0
4179,1418,21,4,68.66,20.0
4180,1418,84,3,143.06,10.0
4181,1418,53,1,8.98,0.0
4182,1419,23,2,165.25,5.0
4183,1419,69,1,89.92,0.0
4184,1419,35,2,26.29,0.0
4185,1419,52,2,107.61,0.0
4186,1419,60,4,174.68,0.0
4187,1420,86,1,118.78,0.0
4188,1420,81,1,243.31,0.0
4189,1420,88,2,6.71,0.0
4190,1421,39,3,150.02,0.0
4191,1422,9,4,137.06,0.0
4192,1422,18,2,57.52,10.0
4193,1423,15,2,82.54,0.0
4194,1424,24,2,140.86,0.0
4195,1424,59,4,137.97,15.0
4196,1424,34,3,230.02,0.0
4197,1425,71,3,249.99,0.0
4198,1425,92,3,80.29,20.0
4199,1426,75,2,227.7,0.0
4200,1427,88,4,6.71,15.0
4201,1427,29,-4,182.29,0.0
4202,1427,89,1,190.17,0.0
4203,1428,61,2,13.74,5.0
4204,1428,48,3,126.95,10.0
4205,1428,55,2,172.28,5.0
4206,1429,51,1,109.23,0.0
4207,1429,21,2,68.66,0.0
4208,1429,2,4,110.24,0.0
4209,1429,76,2,146.51,15.0
4210,1430,5,2,242.5,15.0
4211,1430,92,2,80.29,15.0
4212,1430,43,4,16.37,0.0
4213,1431,72,3,58.72,10.0
4214,1431,68,1,85.39,0.0
4215,1431,5,2,242.5,0.0
4216,1431,40,3,195.69,0.0
4217,1431,65,2,128.61,0.0
4218,1432,14,3,132.45,0.0
4219,1432,32,3,130.85,5.0
4220,1433,15,3,82.54,0.0
4221,1434,91,4,103.0,0.0
4222,1434,26,1,138.84,0.0
4223,1434,83,2,48.63,0.0
4224,1434,39,-4,150.02,0.0
4225,1434,32,-3,130.85,0.0
4226,1435,44,2,83.73,10.0
4227,1435,9,2,137.06,0.0
4228,1435,58,1,114.17,0.0
4229,1435,28,-2,83.19,0.0
4230,1436,87,4,36.97,5.0
4231,1436,59,1,137.97,5.0
4232,1437,1,3,52.08,10.0
4233,1437,57,1,205.57,0.0
4234,1437,83,2,48.63,0.0
4235,1437,38,3,122.19,0.0
4236,1438,32,2,130.85,5.0
4237,1438,72,3,58.72,0.0
4238,1438,64,1,7.71,0.0
4239,1438,79,3,81.42,0.0
4240,1438,5,4,242.5,5.0
4241,1439,93,4,161.42,0.0
4242,1439,27,1,112.42,5.0
4243,1439,35,2,26.29,0.0
4244,1439,53,-1,8.98,10.0
4245,1439,88,2,6.71,0.0
4246,1440,13,3,156.19,0.0
4247,1441,47,2,144.15,0.0
4248,1441,31,2,101.08,0.0
4249,1442,29,1,182.29,0.0
4250,1442,54,4,156.93,20.0
4251,1442,2,4,110.24,0.0
4252,1442,31,4,101.08,5.0
4253,1443,6,3,198.49,0.0
4254,1443,3,3,5.21,0.0
4255,1444,31,1,101.08,5.0
4256,1444,35,3,26.29,0.0
4257,1444,72,2,58.72,0.0
4258,1444,47,3,144.15,0.0
4259,1445,47,4,144.15,0.0
4260,1445,34,4,230.02,0.0
4261,1445,54,4,156.93,10.0
4262,1446,58,4,114.17,5.0
4263,1446,94,4,115.85,0.0
4264,1446,88,3,6.71,0.0
4265,1446,15,2,82.54,5.0
4266,1447,64,1,7.71,0.0
4267,1447,27,4,112.42,5.0
4268,1447,59,1,137.97,0.0
4269,1448,39,3,150.02,10.0
4270,1449,38,1,122.19,0.0
4271,1450,81,1,243.31,0.0
4272,1450,86,3,118.78,0.0
4273,1451,54,4,156.93,0.0
4274,1451,34,3,230.02,0.0
4275,1452,3,2,5.21,0.0
4276,1452,28,3,83.19,0.0
4277,1452,49,4,51.93,0.0
4278,1452,71,2,249.99,0.0
4279,1453,19,1,232.32,0.0
4280,1453,91,2,103.0,0.0
4281,1454,6,3,198.49,0.0
4282,1455,17,2,209.57,0.0
4283,1455,66,1,150.49,0.0
4284,1456,84,4,143.06,0.0
4285,1456,7,3,189.9,10.0
4286,1456,62,4,155.64,10.0
4287,1456,43,4,16.37,0.0
4288,1457,15,3,82.54,0.0
4289,1458,80,4,210.36,0.0
4290,1458,69,2,89.92,0.0
4291,1458,85,3,22.63,0.0
4292,1458,14,2,132.45,0.0
4293,1458,2,4,110.24,0.0
4294,1459,23,3,165.25,0.0
4295,1459,54,2,156.93,0.0
4296,1459,14,1,132.45,0.0
4297,1459,77,2,177.17,0.0
4298,1460,22,1,240.26,0.0
4299,1460,90,4,124.02,20.0
4300,1460,7,3,189.9,0.0
4301,1460,15,2,82.54,0.0
4302,1460,27,2,112.42,10.0
4303,1461,68,1,85.39,0.0
4304,1461,43,1,16.37,0.0
4305,1461,35,2,26.29,0.0
4306,1461,75,3,227.7,0.0
4307,1461,5,3,242.5,0.0
4308,1462,71,2,249.99,0.0
4309,1462,16,2,47.12,0.0
4310,1462,20,3,234.75,5.0
4311,1462,62,3,155.64,0.0
4312,1462,36,3,64.71,0.0
4313,1463,54,2,156.93,5.0
4314,1463,23,4,165.25,10.0
4315,1463,14,1,132.45,0.0
4316,1463,91,4,103.0,0.0
4317,1464,41,3,105.88,0.0
4318,1464,30,1,231.76,0.0
4319,1464,13,1,156.19,10.0
4320,1465,6,3,198.49,0.0
4321,1465,84,4,143.06,0.0
4322,1465,76,3,146.51,15.0
4323,1465,55,1,172.28,0.0
4324,1465,90,2,124.02,5.0
4325,1466,54,4,156.93,0.0
4326,1467,4,1,193.39,0.0
4327,1467,62,2,155.64,5.0
4328,1467,89,1,190.17,5.0
4329,1467,18,2,57.52,0.0
4330,1468,93,2,161.42,0.0
4331,1468,30,2,231.76,0.0
4332,1468,8,3,91.47,15.0
4333,1468,53,1,8.98,10.0
4334,1468,87,1,36.97,0.0
4335,1469,20,2,234.75,0.0
4336,1469,86,2,118.78,10.0
4337,1469,4,3,193.39,0.0
4338,1470,86,4,118.78,0.0
4339,1471,14,3,132.45,0.0
4340,1471,40,1,195.69,10.0
4341,1471,64,4,7.71,0.0
4342,1472,8,1,91.47,0.0
4343,1472,66,2,150.49,0.0
4344,1472,23,3,165.25,0.0
4345,1472,50,2,249.28,5.0
4346,1472,10,2,118.69,0.0
4347,1473,75,2,227.7,5.0
4348,1473,85,3,22.63,0.0
4349,1473,55,4,172.28,0.0
4350,1473,77,3,177.17,0.0
4351,1474,80,2,210.36,5.0
4352,1475,55,2,172.28,0.0
4353,1475,87,2,36.97,0.0
4354,1475,23,3,165.25,0.0
4355,1475,66,2,150.49,20.0
4356,1476,56,1,16.47,0.0
4357,1476,79,3,81.42,10.0
4358,1476,33,2,56.06,0.0
4359,1476,94,2,115.85,0.0
4360,1477,27,3,112.42,0.0
4361,1477,44,3,83.73,0.0
4362,1477,3,4,5.21,10.0
4363,1478,42,1,164.24,10.0
4364,1478,27,4,112.42,0.0
4365,1478,77,1,177.17,0.0
4366,1479,76,4,146.51,0.0
4367,1479,44,3,83.73,20.0
4368,1479,36,4,64.71,0.0
4369,1479,18,4,57.52,0.0
4370,1479,71,3,249.99,0.0
4371,1480,56,1,16.47,0.0
4372,1481,68,4,85.39,0.0
4373,1481,34,4,230.02,0.0
4374,1482,10,4,118.69,15.0
4375,1482,70,1,71.14,0.0
4376,1482,94,3,115.85,0.0
4377,1483,74,3,59.17,0.0
4378,1483,67,1,231.81,0.0
4379,1483,42,4,164.24,0.0
4380,1483,3,2,5.21,0.0
4381,1484,10,2,118.69,10.0
4382,1484,61,4,13.74,0.0
4383,1484,90,1,124.02,10.0
4384,1484,69,3,89.92,0.0
4385,1485,39,4,150.02,5.0
4386,1485,66,2,150.49,0.0
4387,1485,10,3,118.69,0.0
4388,1485,81,4,243.31,10.0
4389,1486,29,1,182.29,0.0
4390,1486,3,1,5.21,10.0
4391,1486,93,2,161.42,0.0
4392,1487,1,3,52.08,0.0
4393,1487,38,4,122.19,0.0
4394,1488,42,2,164.24,5.0
4395,1488,54,2,156.93,0.0
4396,1488,19,3,232.32,0.0
4397,1488,7,3,189.9,0.0
4398,1489,10,3,118.69,0.0
4399,1489,87,4,36.97,5.0
4400,1489,20,1,234.75,0.0
4401,1489,26,1,138.84,0.0
4402,1489,29,3,182.29,10.0
4403,1490,57,1,205.57,0.0
4404,1490,69,4,89.92,10.0
4405,1490,41,3,105.88,5.0
4406,1490,90,3,124.02,0.0
4407,1491,76,2,146.51,0.0
4408,1491,46,4,109.69,5.0
4409,1492,61,1,13.74,20.0
4410,1492,37,4,143.56,0.0
4411,1492,4,3,193.39,0.0
4412,1492,34,4,230.02,0.0
4413,1492,20,3,234.75,0.0
4414,1493,80,1,210.36,5.0
4415,1494,48,2,126.95,0.0
4416,1494,51,3,109.23,5.0
4417,1494,46,3,109.69,0.0
4418,1494,93,3,161.42,0.0
4419,1495,53,1,8.98,0.0
4420,1495,56,1,16.47,10.0
4421,1496,8,2,91.47,10.0
4422,1497,89,4,190.17,10.0
4423,1497,77,1,177.17,0.0
4424,1497,65,1,128.61,0.0
4425,1497,73,3,97.41,0.0
4426,1497,76,4,146.51,5.0
4427,1498,58,4,114.17,0.0
4428,1498,55,1,172.28,0.0
4429,1498,12,4,127.97,5.0
4430,1498,66,4,150.49,0.0
4431,1499,48,3,126.95,20.0
4432,1499,52,3,107.61,0.0
4433,1500,1,2,52.08,0.0
4434,1500,94,4,115.85,10.0
4435,1501,69,3,89.92,0.0
4436,1501,55,1,172.28,0.0
4437,1501,23,1,165.25,0.0
4438,1501,20,4,234.75,0.0
4439,1501,9,4,137.06,0.0
4440,1502,94,2,115.85,0.0
4441,1502,95,3,135.85,10.0
4442,1502,65,2,128.61,0.0
4443,1502,44,3,83.73,0.0
4444,1503,62,4,155.64,0.0
4445,1503,83,4,48.63,0.0
4446,1503,29,1,182.29,0.0
4447,1503,46,2,109.69,15.0
4448,1503,11,1,41.29,0.0
4449,1504,35,3,26.29,0.0
4450,1504,54,1,156.93,0.0
4451,1505,71,1,249.99,10.0
4452,1505,78,3,244.02,5.0
4453,1505,42,1,164.24,15.0
4454,1505,44,4,83.73,0.0
4455,1506,28,2,83.19,15.0
4456,1506,69,1,89.92,0.0
4457,1507,94,1,115.85,20.0
4458,1508,17,2,209.57,0.0
4459,1508,91,2,103.0,0.0
4460,1508,78,3,244.02,0.0
4461,1509,9,3,137.06,0.0
4462,1509,66,2,150.49,0.0
4463,1510,11,3,41.29,10.0
4464,1510,43,1,16.37,0.0
4465,1511,12,4,127.97,0.0
4466,1511,86,3,118.78,0.0
4467,1511,92,3,80.29,0.0
4468,1511,13,4,156.19,5.0
4469,1511,7,4,189.9,0.0
4470,1512,76,3,146.51,0.0
4471,1512,13,1,156.19,0.0
4472,1512,19,1,232.32,15.0
4473,1512,53,1,8.98,0.0
4474,1512,79,1,81.42,15.0
4475,1513,90,2,124.02,0.0
4476,1514,54,2,156.93,0.0
4477,1514,65,1,128.61,0.0
4478,1515,80,1,210.36,0.0
4479,1515,73,4,97.41,15.0
4480,1515,49,1,51.93,0.0
4481,1515,19,-2,232.32,5.0
4482,1516,7,2,189.9,0.0
4483,1516,91,4,103.0,15.0
4484,1516,26,3,138.84,0.0
4485,1516,21,4,68.66,5.0
4486,1517,45,1,242.85,0.0
4487,1517,12,1,127.97,5.0
4488,1517,38,2,122.19,15.0
4489,1517,43,4,16.37,0.0
4490,1517,24,4,140.86,0.0
4491,1518,46,4,109.69,20.0
4492,1518,39,4,150.02,0.0
4493,1518,62,3,155.64,0.0
4494,1518,34,1,230.02,0.0
4495,1519,51,1,109.23,0.0
4496,1519,89,4,190.17,0.0
4497,1519,34,3,230.02,0.0
4498,1519,27,2,112.42,0.0
4499,1520,45,2,242.85,0.0
4500,1520,55,4,172.28,0.0
4501,1520,90,1,124.02,0.0
4502,1520,79,2,81.42,10.0
4503,1521,49,3,51.93,0.0
4504,1521,2,4,110.24,15.0
4505,1521,36,1,64.71,5.0
4506,1521,62,1,155.64,0.0
4507,1521,76,1,146.51,0.0
4508,1522,94,2,115.85,0.0
4509,1522,32,-3,130.85,5.0
4510,1522,72,-1,58.72,10.0
4511,1523,31,4,101.08,0.0
4512,1523,76,1,146.51,10.0
4513,1523,46,3,109.69,5.0
4514,1523,12,2,127.97,0.0
4515,1523,95,4,135.85,0.0
4516,1524,53,2,8.98,0.0
4517,1524,43,2,16.37,0.0
4518,1524,49,2,51.93,10.0
4519,1524,89,2,190.17,0.0
4520,1524,85,2,22.63,5.0
4521,1525,27,3,112.42,0.0
4522,1525,6,3,198.49,0.0
4523,1525,56,4,16.47,0.0
4524,1526,36,4,64.71,20.0
4525,1526,42,3,164.24,0.0
4526,1526,71,4,249.99,0.0
4527,1526,29,1,182.29,0.0
4528,1527,81,4,243.31,0.0
4529,1527,21,4,68.66,20.0
4530,1527,65,1,128.61,20.0
4531,1527,90,1,124.02,5.0
4532,1527,80,3,210.36,20.0
4533,1528,84,1,143.06,5.0
4534,1529,53,4,8.98,0.0
4535,1529,46,1,109.69,0.0
4536,1529,41,4,105.88,0.0
4537,1529,10,4,118.69,0.0
4538,1529,83,1,48.63,15.0
4539,1530,8,4,91.47,5.0
4540,1530,15,1,82.54,0.0
4541,1531,17,3,209.57,5.0
4542,1531,68,2,85.39,0.0
4543,1532,81,1,243.31,20.0
4544,1532,67,1,231.81,0.0
4545,1532,33,2,56.06,0.0
4546,1532,56,3,16.47,0.0
4547,1532,84,1,143.06,10.0
4548,1533,52,3,107.61,0.0
4549,1533,63,4,99.0,10.0
4550,1533,14,3,132.45,0.0
4551,1533,45,2,242.85,10.0
4552,1534,64,1,7.71,0.0
4553,1534,18,2,57.52,0.0
4554,1535,91,3,103.0,0.0
4555,1535,68,2,85.39,10.0
4556,1536,93,2,161.42,0.0
4557,1536,84,1,143.06,0.0
4558,1536,85,4,22.63,0.0
4559,1537,54,2,156.93,15.0
4560,1537,34,3,230.02,0.0
4561,1538,79,1,81.42,0.0
4562,1538,3,1,5.21,0.0
4563,1538,62,3,155.64,0.0
4564,1538,44,2,83.73,0.0
4565,1538,11,3,41.29,0.0
4566,1539,55,3,172.28,0.0
4567,1540,85,3,22.63,0.0
4568,1540,74,4,59.17,0.0
4569,1540,61,3,13.74,0.0
4570,1541,34,3,230.02,0.0
4571,1541,84,4,143.06,0.0
4572,1541,91,4,103.0,0.0
4573,1541,27,4,112.42,10.0
4574,1541,82,2,233.51,20.0
4575,1542,89,3,190.17,0.0
4576,1542,31,4,101.08,0.0
4577,1542,39,1,150.02,0.0
4578,1542,15,1,82.54,0.0
4579,1543,79,1,81.42,10.0
4580,1543,34,3,230.02,0.0
4581,1543,31,4,101.08,0.0
4582,1544,14,3,132.45,0.0
4583,1544,29,4,182.29,0.0
4584,1544,44,4,83.73,0.0
4585,1545,31,3,101.08,20.0
4586,1545,19,3,232.32,0.0
4587,1546,65,4,128.61,0.0
4588,1546,13,2,156.19,5.0
4589,1546,84,3,143.06,0.0
4590,1547,57,1,205.57,0.0
4591,1547,1,3,52.08,0.0
4592,1547,39,4,150.02,0.0
4593,1548,93,1,161.42,5.0
4594,1548,89,3,190.17,0.0
4595,1548,32,2,130.85,0.0
4596,1548,38,-4,122.19,0.0
4597,1549,59,3,137.97,0.0
4598,1550,50,4,249.28,0.0
4599,1551,23,4,165.25,15.0
4600,1551,68,2,85.39,0.0
4601,1551,41,3,105.88,0.0
4602,1551,88,2,6.71,0.0
4603,1551,13,4,156.19,0.0
4604,1552,87,4,36.97,0.0
4605,1552,46,1,109.69,0.0
4606,1552,91,2,103.0,0.0
4607,1553,14,1,132.45,0.0
4608,1553,25,2,169.6,0.0
4609,1553,79,4,81.42,15.0
4610,1554,52,4,107.61,5.0
4611,1554,87,4,36.97,0.0
4612,1554,29,1,182.29,20.0
4613,1554,41,3,105.88,0.0
4614,1555,87,4,36.97,0.0
4615,1555,93,2,161.42,0.0
4616,1555,30,2,231.76,0.0
4617,1555,47,-4,144.15,5.0
4618,1556,50,2,249.28,20.0
4619,1556,55,-2,172.28,0.0
4620,1556,75,2,227.7,0.0
4621,1556,14,-4,132.45,0.0
4622,1556,12,4,127.97,0.0
4623,1557,58,3,114.17,0.0
4624,1557,34,3,230.02,5.0
4625,1557,81,2,243.31,0.0
4626,1558,89,3,190.17,0.0
4627,1559,8,1,91.47,0.0
4628,1559,27,2,112.42,0.0
4629,1560,11,2,41.29,0.0
4630,1560,34,1,230.02,0.0
4631,1560,49,2,51.93,0.0
4632,1560,86,3,118.78,0.0
4633,1561,27,4,112.42,10.0
4634,1561,50,4,249.28,15.0
4635,1561,2,4,110.24,15.0
4636,1561,26,1,138.84,5.0
4637,1561,1,1,52.08,20.0
4638,1562,19,1,232.32,0.0
4639,1562,95,4,135.85,0.0
4640,1562,78,1,244.02,0.0
4641,1562,48,2,126.95,20.0
4642,1563,51,1,109.23,0.0
4643,1563,72,2,58.72,0.0
4644,1563,7,2,189.9,0.0
4645,1563,85,3,22.63,0.0
4646,1563,39,4,150.02,0.0
4647,1564,52,1,107.61,0.0
4648,1565,5,-1,242.5,0.0
4649,1565,73,1,97.41,0.0
4650,1565,93,-1,161.42,0.0
4651,1565,91,3,103.0,0.0
4652,1565,63,4,99.0,0.0
4653,1566,43,2,16.37,0.0
4654,1567,1,4,52.08,0.0
4655,1567,18,1,57.52,0.0
4656,1567,23,4,165.25,0.0
4657,1567,15,3,82.54,0.0
4658,1568,65,2,128.61,0.0
4659,1568,39,1,150.02,0.0
4660,1569,44,2,83.73,5.0
4661,1569,33,3,56.06,0.0
4662,1569,49,2,51.93,5.0
4663,1570,25,3,169.6,0.0
4664,1570,12,4,127.97,0.0
4665,1571,64,1,7.71,0.0
4666,1571,11,3,41.29,0.0
4667,1571,63,4,99.0,15.0
4668,1571,90,3,124.02,0.0
4669,1572,33,3,56.06,0.0
4670,1572,70,4,71.14,0.0
4671,1572,30,3,231.76,0.0
4672,1572,82,4,233.51,5.0
4673,1573,36,4,64.71,0.0
4674,1573,29,2,182.29,10.0
4675,1573,40,4,195.69,5.0
4676,1573,42,1,164.24,0.0
4677,1574,64,1,7.71,5.0
4678,1574,34,3,230.02,0.0
4679,1574,44,1,83.73,0.0
4680,1575,45,4,242.85,0.0
4681,1576,75,4,227.7,10.0
4682,1576,47,1,144.15,0.0
4683,1576,92,4,80.29,20.0
4684,1576,39,4,150.02,0.0
4685,1576,62,4,155.64,0.0
4686,1577,59,2,137.97,0.0
4687,1577,20,3,234.75,0.0
4688,1577,22,1,240.26,5.0
4689,1577,50,1,249.28,0.0
4690,1577,88,3,6.71,20.0
4691,1578,56,4,16.47,5.0
4692,1579,17,4,209.57,10.0
4693,1579,53,4,8.98,0.0
4694,1579,71,2,249.99,10.0
4695,1579,61,-4,13.74,0.0
4696,1579,5,4,242.5,10.0
4697,1580,46,2,109.69,0.0
4698,1580,16,2,47.12,0.0
4699,1581,25,2,169.6,0.0
4700,1581,88,2,6.71,0.0
4701,1582,91,3,103.0,5.0
4702,1582,4,1,193.39,0.0
4703,1582,49,3,51.93,0.0
4704,1582,73,2,97.41,0.0
4705,1583,18,3,57.52,0.0
4706,1584,72,3,58.72,0.0
4707,1584,44,1,83.73,20.0
4708,1584,37,1,143.56,0.0
4709,1584,69,3,89.92,0.0
4710,1584,62,3,155.64,15.0
4711,1585,17,1,209.57,0.0
4712,1585,47,4,144.15,0.0
4713,1585,43,4,16.37,0.0
4714,1586,22,2,240.26,10.0
4715,1586,16,4,47.12,0.0
4716,1587,27,2,112.42,0.0
4717,1587,76,-4,146.51,10.0
4718,1587,74,-4,59.17,5.0
4719,1587,85,-1,22.63,0.0
4720,1588,61,4,13.74,0.0
4721,1589,72,3,58.72,0.0
4722,1589,65,1,128.61,0.0
4723,1589,1,4,52.08,0.0
4724,1589,61,1,13.74,0.0
4725,1589,3,1,5.21,0.0
4726,1590,39,1,150.02,0.0
4727,1590,47,2,144.15,0.0
4728,1590,35,1,26.29,0.0
4729,1591,13,3,156.19,0.0
4730,1592,93,1,161.42,0.0
4731,1592,51,3,109.23,0.0
4732,1593,64,2,7.71,0.0
4733,1593,19,1,232.32,0.0
4734,1593,31,1,101.08,10.0
4735,1593,89,3,190.17,0.0
4736,1593,72,2,58.72,0.0
4737,1594,65,4,128.61,0.0
4738,1594,91,3,103.0,0.0
4739,1594,13,1,156.19,0.0
4740,1595,80,2,210.36,0.0
4741,1596,93,2,161.42,20.0
4742,1596,46,4,109.69,10.0
4743,1596,17,3,209.57,0.0
4744,1596,31,2,101.08,5.0
4745,1596,30,3,231.76,0.0
4746,1597,16,2,47.12,10.0
4747,1597,10,4,118.69,0.0
4748,1597,55,2,172.28,20.0
4749,1598,24,4,140.86,10.0
4750,1598,39,4,150.02,0.0
4751,1598,72,2,58.72,0.0
4752,1599,39,4,150.02,5.0
4753,1599,84,2,143.06,5.0
4754,1600,39,3,150.02,0.0
4755,1600,25,3,169.6,10.0
4756,1600,82,4,233.51,0.0
4757,1601,44,4,83.73,5.0
4758,1602,7,1,189.9,0.0
4759,1602,29,2,182.29,0.0
4760,1602,35,4,26.29,20.0
4761,1602,69,1,89.92,5.0
4762,1602,83,3,48.63,0.0
4763,1603,54,4,156.93,5.0
4764,1603,17,-2,209.57,0.0
4765,1603,37,2,143.56,0.0
4766,1603,22,-2,240.26,5.0
4767,1604,60,1,174.68,15.0
4768,1604,31,1,101.08,5.0
4769,1605,43,1,16.37,0.0
4770,1605,54,3,156.93,0.0
4771,1605,74,2,59.17,0.0
4772,1605,2,3,110.24,0.0
4773,1606,69,4,89.92,0.0
4774,1606,82,4,233.51,5.0
4775,1606,32,1,130.85,20.0
4776,1606,83,2,48.63,10.0
4777,1606,42,1,164.24,5.0
4778,1607,94,1,115.85,0.0
4779,1607,31,2,101.08,0.0
4780,1607,52,1,107.61,0.0
4781,1607,42,1,164.24,0.0
4782,1608,65,3,128.61,0.0
4783,1608,63,1,99.0,5.0
4784,1608,32,3,130.85,0.0
4785,1608,95,2,135.85,0.0
4786,1609,47,2,144.15,0.0
4787,1609,35,2,26.29,0.0
4788,1609,74,4,59.17,0.0
4789,1609,29,3,182.29,0.0
4790,1610,66,2,150.49,0.0
4791,1610,61,2,13.74,0.0
4792,1611,36,2,64.71,0.0
4793,1611,44,2,83.73,0.0
4794,1612,61,3,13.74,0.0
4795,1612,33,4,56.06,0.0
4796,1612,3,2,5.21,0.0
4797,1613,17,1,209.57,10.0
4798,1613,42,4,164.24,5.0
4799,1614,35,2,26.29,10.0
4800,1614,82,3,233.51,15.0
4801,1614,90,4,124.02,0.0
4802,1614,7,1,189.9,0.0
4803,1614,20,2,234.75,0.0
4804,1615,63,1,99.0,0.0
4805,1616,79,4,81.42,0.0
4806,1616,33,4,56.06,10.0
4807,1616,9,3,137.06,0.0
4808,1617,36,2,64.71,0.0
4809,1617,53,4,8.98,0.0
4810,1618,92,3,80.29,0.0
4811,1618,56,1,16.47,0.0
4812,1618,31,1,101.08,0.0
4813,1619,65,4,128.61,0.0
4814,1619,46,4,109.69,10.0
4815,1619,86,3,118.78,0.0
4816,1619,84,2,143.06,0.0
4817,1620,14,1,132.45,0.0
4818,1621,20,1,234.75,0.0
4819,1621,63,3,99.0,10.0
4820,1621,66,1,150.49,0.0
4821,1621,68,1,85.39,0.0
4822,1621,65,-3,128.61,10.0
4823,1622,85,4,22.63,0.0
4824,1623,68,1,85.39,0.0
4825,1623,5,2,242.5,5.0
4826,1624,20,2,234.75,0.0
4827,1624,81,4,243.31,5.0
4828,1624,25,1,169.6,0.0
4829,1624,59,4,137.97,20.0
4830,1625,45,2,242.85,0.0
4831,1625,37,1,143.56,0.0
4832,1625,78,4,244.02,0.0
4833,1626,48,4,126.95,10.0
4834,1626,9,1,137.06,0.0
4835,1626,72,3,58.72,0.0
4836,1626,44,3,83.73,0.0
4837,1627,7,2,189.9,0.0
4838,1627,81,1,243.31,0.0
4839,1627,84,3,143.06,0.0
4840,1627,57,2,205.57,0.0
4841,1627,27,4,112.42,5.0
4842,1628,89,2,190.17,10.0
4843,1628,72,1,58.72,0.0
4844,1628,62,4,155.64,0.0
4845,1628,14,1,132.45,10.0
4846,1629,44,1,83.73,0.0
4847,1629,42,1,164.24,5.0
4848,1629,4,1,193.39,0.0
4849,1630,31,2,101.08,0.0
4850,1630,67,1,231.81,0.0
4851,1630,66,1,150.49,0.0
4852,1630,62,3,155.64,0.0
4853,1631,38,2,122.19,0.0
4854,1632,57,4,205.57,0.0
4855,1633,64,4,7.71,0.0
4856,1633,89,3,190.17,0.0
4857,1633,25,3,169.6,0.0
4858,1633,46,1,109.69,0.0
4859,1633,13,2,156.19,0.0
4860,1634,58,1,114.17,0.0
4861,1634,14,1,132.45,10.0
4862,1634,24,1,140.86,15.0
4863,1634,47,2,144.15,5.0
4864,1635,6,2,198.49,0.0
4865,1635,91,2,103.0,0.0
4866,1635,70,3,71.14,5.0
4867,1635,15,4,82.54,0.0
4868,1636,42,2,164.24,0.0
4869,1637,2,2,110.24,5.0
4870,1637,19,3,232.32,0.0
4871,1638,32,4,130.85,0.0
4872,1639,69,1,89.92,0.0
4873,1640,78,2,244.02,0.0
4874,1641,12,1,127.97,10.0
4875,1641,65,2,128.61,5.0
4876,1641,73,4,97.41,20.0
4877,1641,16,2,47.12,10.0
4878,1642,9,3,137.06,0.0
4879,1642,6,1,198.49,0.0
4880,1642,29,1,182.29,0.0
4881,1643,11,-2,41.29,0.0
4882,1643,90,4,124.02,0.0
4883,1643,91,3,103.0,0.0
4884,1644,50,4,249.28,0.0
4885,1645,14,3,132.45,5.0
4886,1645,34,4,230.02,0.0
4887,1646,77,3,177.17,0.0
4888,1646,35,2,26.29,10.0
4889,1646,7,4,189.9,0.0
4890,1646,59,4,137.97,0.0
4891,1647,79,4,81.42,20.0
4892,1647,37,1,143.56,0.0
4893,1647,12,4,127.97,0.0
4894,1647,24,2,140.86,0.0
4895,1648,6,1,198.49,0.0
4896,1648,45,1,242.85,0.0
4897,1648,63,4,99.0,0.0
4898,1648,51,3,109.23,0.0
4899,1648,31,1,101.08,0.0
4900,1649,36,4,64.71,0.0
4901,1650,82,3,233.51,0.0
4902,1650,75,1,227.7,0.0
4903,1650,67,2,231.81,0.0
4904,1650,76,1,146.51,0.0
4905,1651,63,3,99.0,0.0
4906,1651,29,3,182.29,0.0
4907,1651,84,2,143.06,10.0
4908,1651,62,1,155.64,0.0
4909,1652,7,1,189.9,0.0
4910,1652,5,1,242.5,0.0
4911,1652,36,3,64.71,0.0
4912,1652,79,3,81.42,0.0
4913,1653,86,3,118.78,0.0
4914,1653,85,4,22.63,20.0
4915,1654,88,2,6.71,0.0
4916,1654,4,1,193.39,10.0
4917,1654,28,1,83.19,0.0
4918,1654,94,2,115.85,0.0
4919,1655,62,4,155.64,0.0
4920,1655,83,3,48.63,5.0
4921,1655,59,2,137.97,0.0
4922,1655,31,4,101.08,5.0
4923,1655,14,2,132.45,15.0
4924,1656,85,2,22.63,10.0
4925,1656,32,4,130.85,0.0
4926,1656,80,1,210.36,0.0
4927,1657,78,4,244.02,0.0
4928,1657,50,3,249.28,0.0
4929,1657,57,1,205.57,0.0
4930,1657,5,2,242.5,10.0
4931,1658,18,2,57.52,15.0
4932,1658,44,3,83.73,5.0
4933,1658,4,4,193.39,0.0
4934,1658,51,2,109.23,10.0
4935,1659,85,3,22.63,0.0
4936,1659,81,1,243.31,10.0
4937,1659,83,2,48.63,0.0
4938,1660,51,2,109.23,10.0
4939,1660,75,1,227.7,0.0
4940,1660,20,2,234.75,0.0
4941,1660,47,1,144.15,5.0
4942,1660,42,1,164.24,5.0
4943,1661,59,1,137.97,0.0
4944,1661,25,1,169.6,10.0
4945,1661,72,1,58.72,0.0
4946,1661,34,2,230.02,0.0
4947,1661,33,2,56.06,0.0
4948,1662,52,2,107.61,0.0
4949,1662,62,3,155.64,0.0
4950,1662,17,1,209.57,0.0
4951,1662,26,4,138.84,15.0
4952,1662,87,2,36.97,0.0
4953,1663,17,2,209.57,10.0
4954,1663,10,1,118.69,0.0
4955,1664,50,2,249.28,0.0
4956,1664,9,-4,137.06,0.0
4957,1664,82,4,233.51,0.0
4958,1664,81,2,243.31,0.0
4959,1665,32,2,130.85,0.0
4960,1666,44,2,83.73,10.0
4961,1666,18,4,57.52,10.0
4962,1667,34,2,230.02,15.0
4963,1667,78,3,244.02,0.0
4964,1667,80,4,210.36,5.0
4965,1667,73,3,97.41,0.0
4966,1667,42,3,164.24,5.0
4967,1668,15,1,82.54,0.0
4968,1669,91,4,103.0,0.0
4969,1669,67,3,231.81,0.0
4970,1669,4,3,193.39,0.0
4971,1669,42,1,164.24,5.0
4972,1669,72,4,58.72,0.0
4973,1670,46,1,109.69,0.0
4974,1670,74,1,59.17,5.0
4975,1671,23,2,165.25,0.0
4976,1671,93,3,161.42,0.0
4977,1671,51,1,109.23,0.0
4978,1671,3,1,5.21,0.0
4979,1672,60,2,174.68,0.0
4980,1672,30,4,231.76,0.0
4981,1672,93,-3,161.42,20.0
4982,1672,59,-2,137.97,0.0
4983,1673,59,4,137.97,0.0
4984,1673,2,3,110.24,0.0
4985,1673,28,4,83.19,10.0
4986,1673,91,1,103.0,0.0
4987,1674,2,1,110.24,0.0
4988,1675,22,2,240.26,0.0
4989,1675,81,2,243.31,0.0
4990,1675,33,4,56.06,0.0
4991,1675,82,-2,233.51,0.0
4992,1675,72,2,58.72,20.0
4993,1676,18,4,57.52,10.0
4994,1676,1,3,52.08,0.0
4995,1676,9,4,137.06,0.0
4996,1676,79,1,81.42,0.0
4997,1677,42,3,164.24,0.0
4998,1677,9,1,137.06,0.0
4999,1677,21,1,68.66,0.0
5000,1677,80,3,210.36,10.0
5001,1678,91,2,103.0,0.0
5002,1678,17,1,209.57,0.0
5003,1678,55,4,172.28,0.0
5004,1679,84,2,143.06,0.0
5005,1679,68,2,85.39,0.0
5006,1680,74,4,59.17,5.0
5007,1680,15,2,82.54,10.0
5008,1681,29,4,182.29,10.0
5009,1681,16,4,47.12,5.0
5010,1681,55,3,172.28,0.0
5011,1681,79,2,81.42,10.0
5012,1682,13,4,156.19,0.0
5013,1682,56,3,16.47,0.0
5014,1682,51,3,109.23,0.0
5015,1682,34,1,230.02,0.0
5016,1683,89,2,190.17,0.0
5017,1683,22,1,240.26,0.0
5018,1683,67,3,231.81,10.0
5019,1683,1,4,52.08,0.0
5020,1684,91,-3,103.0,0.0
5021,1684,43,-2,16.37,5.0
5022,1685,83,2,48.63,0.0
5023,1685,57,3,205.57,5.0
5024,1685,82,3,233.51,0.0
5025,1685,39,4,150.02,0.0
5026,1686,12,1,127.97,15.0
5027,1687,60,2,174.68,0.0
5028,1687,58,2,114.17,0.0
5029,1688,33,3,56.06,10.0
5030,1689,56,2,16.47,0.0
5031,1689,9,3,137.06,20.0
5032,1689,40,3,195.69,0.0
5033,1689,17,3,209.57,0.0
5034,1689,23,2,165.25,0.0
5035,1690,77,2,177.17,5.0
5036,1690,78,2,244.02,0.0
5037,1690,12,3,127.97,5.0
5038,1690,14,4,132.45,0.0
5039,1691,50,1,249.28,0.0
5040,1692,85,1,22.63,5.0
5041,1692,22,2,240.26,0.0
5042,1692,24,4,140.86,0.0
5043,1693,86,2,118.78,0.0
5044,1693,65,4,128.61,0.0
5045,1694,82,4,233.51,0.0
5046,1694,62,3,155.64,0.0
5047,1694,74,1,59.17,15.0
5048,1694,77,2,177.17,0.0
5049,1694,17,4,209.57,5.0
5050,1695,79,3,81.42,5.0
5051,1695,66,4,150.49,0.0
5052,1695,51,2,109.23,0.0
5053,1695,84,1,143.06,0.0
5054,1695,14,4,132.45,0.0
5055,1696,36,3,64.71,10.0
5056,1696,41,3,105.88,0.0
5057,1696,60,1,174.68,0.0
5058,1697,37,3,143.56,10.0
5059,1697,84,1,143.06,0.0
5060,1697,30,-3,231.76,0.0
5061,1698,95,4,135.85,0.0
5062,1698,7,3,189.9,0.0
5063,1698,60,2,174.68,15.0
5064,1698,78,4,244.02,0.0
5065,1698,91,1,103.0,0.0
5066,1699,89,1,190.17,10.0
5067,1699,27,4,112.42,0.0
5068,1699,8,4,91.47,0.0
5069,1699,57,2,205.57,0.0
5070,1700,28,-2,83.19,5.0
5071,1700,50,-3,249.28,0.0
5072,1700,75,2,227.7,0.0
5073,1700,21,-3,68.66,0.0
5074,1700,20,1,234.75,0.0
5075,1701,59,3,137.97,0.0
5076,1701,31,3,101.08,10.0
5077,1702,25,2,169.6,20.0
5078,1703,79,2,81.42,5.0
5079,1703,43,3,16.37,0.0
5080,1703,5,4,242.5,20.0
5081,1703,75,1,227.7,15.0
5082,1704,10,3,118.69,0.0
5083,1704,25,3,169.6,0.0
5084,1704,54,4,156.93,5.0
5085,1705,12,1,127.97,10.0
5086,1705,82,3,233.51,0.0
5087,1705,19,4,232.32,0.0
5088,1705,62,2,155.64,0.0
5089,1705,87,2,36.97,15.0
5090,1706,37,3,143.56,0.0
5091,1706,54,1,156.93,15.0
5092,1706,72,3,58.72,0.0
5093,1707,91,4,103.0,0.0
5094,1707,43,4,16.37,0.0
5095,1708,63,2,99.0,0.0
5096,1708,53,1,8.98,0.0
5097,1709,73,2,97.41,15.0
5098,1709,49,4,51.93,10.0
5099,1709,93,1,161.42,0.0
5100,1709,85,2,22.63,0.0
5101,1710,14,4,132.45,0.0
5102,1710,59,4,137.97,0.0
5103,1710,78,1,244.02,20.0
5104,1710,5,1,242.5,0.0
5105,1711,5,2,242.5,15.0
5106,1711,59,4,137.97,0.0
5107,1711,56,1,16.47,0.0
5108,1711,77,2,177.17,0.0
5109,1711,61,2,13.74,0.0
5110,1712,19,1,232.32,0.0
5111,1712,15,2,82.54,0.0
5112,1712,1,4,52.08,0.0
5113,1712,44,1,83.73,10.0
5114,1712,29,2,182.29,10.0
5115,1713,59,-3,137.97,0.0
5116,1713,7,4,189.9,0.0
5117,1714,20,1,234.75,20.0
5118,1714,21,2,68.66,0.0
5119,1715,47,2,144.15,5.0
5120,1715,65,3,128.61,0.0
5121,1715,75,1,227.7,10.0
5122,1715,42,4,164.24,10.0
5123,1716,44,4,83.73,0.0
5124,1716,23,4,165.25,0.0
5125,1716,47,4,144.15,0.0
5126,1717,54,4,156.93,0.0
5127,1717,41,1,105.88,20.0
5128,1717,62,1,155.64,0.0
5129,1718,20,1,234.75,5.0
5130,1718,52,2,107.61,0.0
5131,1718,67,2,231.81,10.0
5132,1719,4,-4,193.39,0.0
5133,1719,1,-4,52.08,0.0
5134,1719,44,4,83.73,0.0
5135,1719,26,-2,138.84,10.0
5136,1720,19,4,232.32,0.0
5137,1721,31,3,101.08,0.0
5138,1721,48,4,126.95,5.0
5139,1721,87,1,36.97,0.0
5140,1722,57,1,205.57,0.0
5141,1722,1,4,52.08,0.0
5142,1722,90,1,124.02,0.0
5143,1722,16,1,47.12,0.0
5144,1722,61,1,13.74,5.0
5145,1723,29,3,182.29,5.0
5146,1723,55,4,172.28,0.0
5147,1724,9,1,137.06,0.0
5148,1724,12,4,127.97,0.0
5149,1724,5,1,242.5,0.0
5150,1725,20,3,234.75,0.0
5151,1726,5,1,242.5,20.0
5152,1726,11,2,41.29,0.0
5153,1727,87,3,36.97,0.0
5154,1727,89,4,190.17,0.0
5155,1727,84,4,143.06,5.0
5156,1727,85,3,22.63,10.0
5157,1728,86,1,118.78,0.0
5158,1728,84,4,143.06,0.0
5159,1728,22,3,240.26,5.0
5160,1729,25,2,169.6,0.0
5161,1730,58,4,114.17,5.0
5162,1730,49,1,51.93,10.0
5163,1730,69,3,89.92,0.0
5164,1730,15,1,82.54,10.0
5165,1730,87,4,36.97,0.0
5166,1731,66,1,150.49,0.0
5167,1731,11,2,41.29,20.0
5168,1731,36,3,64.71,0.0
5169,1731,35,2,26.29,0.0
5170,1731,76,1,146.51,0.0
5171,1732,74,3,59.17,0.0
5172,1732,72,2,58.72,0.0
5173,1732,56,4,16.47,5.0
5174,1732,27,1,112.42,0.0
5175,1732,24,1,140.86,0.0
5176,1733,33,3,56.06,0.0
5177,1733,53,2,8.98,0.0
5178,1733,87,3,36.97,10.0
5179,1733,55,4,172.28,0.0
5180,1733,66,2,150.49,0.0
5181,1734,2,-4,110.24,0.0
5182,1734,6,4,198.49,0.0
5183,1734,20,3,234.75,0.0
5184,1734,19,2,232.32,0.0
5185,1734,85,4,22.63,0.0
5186,1735,88,3,6.71,0.0
5187,1735,33,4,56.06,0.0
5188,1735,78,2,244.02,0.0
5189,1735,94,4,115.85,20.0
5190,1736,11,4,41.29,0.0
5191,1736,34,2,230.02,0.0
5192,1737,24,4,140.86,0.0
5193,1737,55,4,172.28,15.0
5194,1737,58,3,114.17,0.0
5195,1737,80,3,210.36,0.0
5196,1737,65,4,128.61,5.0
5197,1738,93,2,161.42,0.0
5198,1738,75,1,227.7,0.0
5199,1739,27,-1,112.42,10.0
5200,1739,33,3,56.06,0.0
5201,1739,49,2,51.93,5.0
5202,1739,32,3,130.85,15.0
5203,1739,67,1,231.81,0.0
5204,1740,60,1,174.68,0.0
5205,1741,5,3,242.5,0.0
5206,1741,17,1,209.57,0.0
5207,1741,91,4,103.0,20.0
5208,1741,58,2,114.17,10.0
5209,1742,37,4,143.56,10.0
5210,1742,39,3,150.02,0.0
5211,1743,63,2,99.0,0.0
5212,1744,41,3,105.88,0.0
5213,1745,56,3,16.47,0.0
5214,1745,42,1,164.24,0.0
5215,1745,91,2,103.0,0.0
5216,1746,56,3,16.47,15.0
5217,1746,75,-3,227.7,0.0
5218,1746,6,2,198.49,10.0
5219,1746,41,3,105.88,0.0
5220,1747,79,4,81.42,0.0
5221,1747,70,2,71.14,0.0
5222,1748,38,4,122.19,0.0
5223,1748,17,3,209.57,0.0
5224,1748,57,2,205.57,0.0
5225,1748,62,4,155.64,20.0
5226,1749,29,4,182.29,0.0
5227,1749,35,2,26.29,10.0
5228,1749,57,3,205.57,0.0
5229,1749,11,3,41.29,10.0
5230,1749,1,3,52.08,0.0
5231,1750,64,1,7.71,0.0
5232,1750,83,2,48.63,0.0
5233,1750,92,3,80.29,5.0
5234,1750,5,4,242.5,0.0
5235,1751,58,2,114.17,5.0
5236,1751,3,1,5.21,5.0
5237,1751,40,2,195.69,0.0
5238,1752,58,1,114.17,0.0
5239,1752,59,4,137.97,20.0
5240,1752,84,1,143.06,0.0
5241,1752,5,4,242.5,0.0
5242,1752,38,3,122.19,0.0
5243,1753,2,3,110.24,5.0
5244,1753,39,4,150.02,0.0
5245,1753,36,2,64.71,0.0
5246,1753,66,2,150.49,0.0
5247,1753,86,1,118.78,20.0
5248,1754,60,4,174.68,10.0
5249,1754,89,2,190.17,0.0
5250,1754,57,3,205.57,15.0
5251,1754,4,3,193.39,20.0
5252,1754,2,4,110.24,0.0
5253,1755,8,2,91.47,15.0
5254,1755,11,1,41.29,0.0
5255,1756,93,4,161.42,0.0
5256,1756,65,4,128.61,0.0
5257,1757,42,1,164.24,0.0
5258,1758,26,4,138.84,0.0
5259,1758,42,4,164.24,0.0
5260,1758,52,4,107.61,0.0
5261,1759,60,3,174.68,0.0
5262,1759,90,4,124.02,0.0
5263,1759,75,3,227.7,0.0
5264,1760,89,4,190.17,0.0
5265,1760,81,1,243.31,0.0
5266,1761,80,2,210.36,0.0
5267,1761,45,2,242.85,5.0
5268,1762,21,1,68.66,10.0
5269,1762,10,2,118.69,0.0
5270,1762,51,3,109.23,0.0
5271,1762,84,3,143.06,0.0
5272,1762,41,1,105.88,10.0
5273,1763,34,2,230.02,0.0
5274,1763,60,1,174.68,0.0
5275,1763,26,3,138.84,0.0
5276,1763,4,2,193.39,0.0
5277,1763,66,1,150.49,5.0
5278,1764,30,3,231.76,0.0
5279,1764,38,1,122.19,10.0
5280,1764,83,1,48.63,0.0
5281,1764,3,2,5.21,0.0
5282,1765,62,1,155.64,0.0
5283,1765,78,2,244.02,15.0
5284,1765,33,3,56.06,0.0
5285,1766,39,2,150.02,0.0
5286,1766,95,3,135.85,0.0
5287,1767,55,2,172.28,0.0
5288,1767,70,3,71.14,10.0
5289,1767,54,1,156.93,5.0
5290,1767,12,2,127.97,0.0
5291,1768,6,3,198.49,0.0
5292,1768,12,3,127.97,0.0
5293,1769,83,4,48.63,0.0
5294,1769,68,3,85.39,10.0
5295,1769,92,2,80.29,0.0
5296,1769,9,1,137.06,0.0
5297,1769,75,1,227.7,0.0
5298,1770,94,2,115.85,0.0
5299,1770,90,4,124.02,10.0
5300,1770,27,4,112.42,0.0
5301,1770,13,3,156.19,20.0
5302,1770,57,1,205.57,15.0
5303,1771,12,3,127.97,0.0
5304,1771,80,1,210.36,0.0
5305,1771,15,2,82.54,5.0
5306,1771,65,1,128.61,5.0
5307,1771,62,2,155.64,0.0
5308,1772,33,4,56.06,5.0
5309,1773,46,4,109.69,0.0
5310,1773,91,1,103.0,10.0
5311,1774,94,1,115.85,0.0
5312,1774,10,4,118.69,20.0
5313,1774,12,1,127.97,20.0
5314,1774,84,4,143.06,10.0
5315,1774,86,2,118.78,0.0
5316,1775,36,2,64.71,10.0
5317,1775,52,2,107.61,20.0
5318,1775,77,2,177.17,0.0
5319,1775,51,4,109.23,0.0
5320,1775,88,4,6.71,0.0
5321,1776,9,4,137.06,0.0
5322,1776,36,2,64.71,0.0
5323,1776,84,2,143.06,10.0
5324,1776,7,4,189.9,0.0
5325,1777,71,2,249.99,0.0
5326,1777,25,1,169.6,10.0
5327,1777,80,4,210.36,0.0
5328,1777,84,3,143.06,15.0
5329,1777,22,2,240.26,0.0
5330,1778,28,1,83.19,20.0
5331,1779,64,4,7.71,0.0
5332,1779,70,2,71.14,0.0
5333,1779,72,2,58.72,0.0
5334,1779,27,1,112.42,0.0
5335,1780,53,4,8.98,5.0
5336,1780,54,3,156.93,0.0
5337,1780,36,2,64.71,0.0
5338,1781,43,4,16.37,0.0
5339,1781,45,1,242.85,0.0
5340,1781,22,3,240.26,0.0
5341,1781,74,1,59.17,0.0
5342,1782,70,3,71.14,5.0
5343,1782,15,4,82.54,10.0
5344,1783,50,4,249.28,0.0
5345,1783,4,2,193.39,0.0
5346,1783,26,1,138.84,5.0
5347,1784,23,2,165.25,5.0
5348,1784,95,2,135.85,0.0
5349,1784,51,3,109.23,0.0
5350,1785,46,-1,109.69,0.0
5351,1785,87,-1,36.97,20.0
5352,1785,53,-2,8.98,5.0
5353,1785,55,2,172.28,0.0
5354,1785,4,4,193.39,0.0
5355,1786,68,1,85.39,15.0
5356,1786,30,3,231.76,10.0
5357,1786,69,4,89.92,0.0
5358,1786,48,2,126.95,0.0
5359,1787,9,2,137.06,0.0
5360,1788,72,4,58.72,10.0
5361,1788,35,1,26.29,0.0
5362,1788,25,4,169.6,0.0
5363,1789,24,3,140.86,0.0
5364,1789,77,4,177.17,0.0
5365,1789,46,3,109.69,0.0
5366,1790,17,1,209.57,20.0
5367,1790,61,1,13.74,0.0
5368,1790,44,1,83.73,0.0
5369,1790,22,4,240.26,0.0
5370,1791,24,4,140.86,5.0
5371,1791,30,2,231.76,10.0
5372,1791,41,4,105.88,0.0
5373,1791,87,4,36.97,5.0
5374,1791,16,1,47.12,0.0
5375,1792,37,4,143.56,20.0
5376,1792,82,2,233.51,0.0
5377,1792,84,3,143.06,10.0
5378,1792,44,3,83.73,0.0
5379,1792,58,1,114.17,0.0
5380,1793,70,2,71.14,0.0
5381,1793,26,4,138.84,10.0
5382,1794,18,4,57.52,10.0
5383,1795,11,3,41.29,0.0
5384,1796,36,1,64.71,0.0
5385,1796,10,4,118.69,0.0
5386,1796,93,3,161.42,15.0
5387,1796,1,3,52.08,0.0
5388,1796,63,1,99.0,20.0
5389,1797,39,3,150.02,10.0
5390,1797,23,4,165.25,0.0
5391,1797,94,3,115.85,20.0
5392,1798,59,1,137.97,0.0
5393,1798,1,3,52.08,0.0
5394,1798,8,3,91.47,15.0
5395,1798,61,2,13.74,0.0
5396,1799,74,4,59.17,0.0
5397,1799,75,4,227.7,5.0
5398,1799,8,2,91.47,0.0
5399,1799,79,3,81.42,15.0
5400,1800,9,2,137.06,20.0
5401,1800,53,1,8.98,10.0
5402,1800,40,2,195.69,0.0
5403,1800,52,4,107.61,0.0
5404,1801,8,4,91.47,15.0
5405,1801,68,4,85.39,5.0
5406,1801,81,2,243.31,0.0
5407,1801,66,4,150.49,10.0
5408,1801,94,1,115.85,0.0
5409,1802,87,4,36.97,0.0
5410,1802,89,3,190.17,0.0
5411,1803,61,3,13.74,0.0
5412,1804,61,3,13.74,0.0
5413,1804,51,2,109.23,0.0
5414,1804,47,4,144.15,20.0
5415,1804,87,3,36.97,0.0
5416,1805,17,2,209.57,0.0
5417,1805,20,2,234.75,0.0
5418,1805,8,2,91.47,0.0
5419,1806,57,1,205.57,5.0
5420,1806,29,1,182.29,0.0
5421,1806,31,3,101.08,0.0
5422,1807,19,3,232.32,0.0
5423,1807,83,4,48.63,0.0
5424,1807,20,2,234.75,0.0
5425,1808,93,3,161.42,10.0
5426,1809,18,-4,57.52,20.0
5427,1809,64,-2,7.71,15.0
5428,1810,29,2,182.29,0.0
5429,1810,64,2,7.71,0.0
5430,1811,70,-3,71.14,0.0
5431,1812,25,2,169.6,0.0
5432,1812,30,2,231.76,0.0
5433,1813,35,4,26.29,0.0
5434,1814,54,1,156.93,10.0
5435,1814,74,4,59.17,0.0
5436,1814,85,3,22.63,0.0
5437,1814,50,2,249.28,0.0
5438,1815,86,-3,118.78,0.0
5439,1815,21,-4,68.66,20.0
5440,1815,56,4,16.47,0.0
5441,1815,38,-2,122.19,20.0
5442,1815,4,2,193.39,0.0
5443,1816,28,1,83.19,0.0
5444,1816,87,1,36.97,0.0
5445,1816,11,3,41.29,5.0
5446,1816,89,4,190.17,20.0
5447,1816,48,3,126.95,5.0
5448,1817,95,1,135.85,0.0
5449,1817,84,4,143.06,0.0
5450,1817,68,3,85.39,0.0
5451,1817,52,4,107.61,0.0
5452,1818,72,3,58.72,5.0
5453,1818,75,1,227.7,10.0
5454,1819,61,2,13.74,0.0
5455,1819,49,3,51.93,0.0
5456,1820,87,3,36.97,15.0
5457,1820,54,-3,156.93,0.0
5458,1820,30,3,231.76,5.0
5459,1820,77,4,177.17,5.0
5460,1820,78,-3,244.02,0.0
5461,1821,3,2,5.21,5.0
5462,1822,95,4,135.85,0.0
5463,1822,50,2,249.28,0.0
5464,1822,85,2,22.63,0.0
5465,1823,55,4,172.28,0.0
5466,1824,71,4,249.99,5.0
5467,1824,67,1,231.81,5.0
5468,1824,56,2,16.47,20.0
5469,1825,81,3,243.31,0.0
5470,1825,89,3,190.17,0.0
5471,1825,26,4,138.84,5.0
5472,1825,86,1,118.78,0.0
5473,1825,61,4,13.74,0.0
5474,1826,2,3,110.24,0.0
5475,1827,39,2,150.02,5.0
5476,1827,33,1,56.06,5.0
5477,1827,64,-3,7.71,15.0
5478,1827,28,1,83.19,0.0
5479,1827,89,3,190.17,0.0
5480,1828,12,2,127.97,20.0
5481,1828,76,3,146.51,0.0
5482,1828,68,3,85.39,0.0
5483,1828,70,4,71.14,0.0
5484,1829,20,2,234.75,0.0
5485,1830,82,2,233.51,0.0
5486,1830,22,4,240.26,0.0
5487,1830,34,2,230.02,20.0
5488,1830,29,2,182.29,10.0
5489,1830,39,3,150.02,0.0
5490,1831,6,3,198.49,0.0
5491,1831,27,1,112.42,15.0
5492,1831,43,1,16.37,0.0
5493,1831,40,4,195.69,0.0
5494,1831,54,3,156.93,0.0
5495,1832,23,-3,165.25,5.0
5496,1832,15,4,82.54,20.0
5497,1833,82,-2,233.51,0.0
5498,1833,6,4,198.49,0.0
5499,1833,39,-1,150.02,0.0
5500,1833,16,3,47.12,0.0
5501,1833,41,-1,105.88,0.0
5502,1834,9,2,137.06,10.0
5503,1835,8,3,91.47,0.0
5504,1835,50,1,249.28,0.0
5505,1835,84,4,143.06,0.0
5506,1835,12,3,127.97,0.0
5507,1835,77,3,177.17,0.0
5508,1836,69,4,89.92,0.0
5509,1836,57,-4,205.57,0.0
5510,1836,11,3,41.29,0.0
5511,1836,65,2,128.61,5.0
5512,1837,77,4,177.17,0.0
5513,1838,74,2,59.17,0.0
5514,1838,46,3,109.69,0.0
5515,1838,21,1,68.66,15.0
5516,1839,67,4,231.81,0.0
5517,1839,72,4,58.72,0.0
5518,1839,45,1,242.85,0.0
5519,1840,84,2,143.06,20.0
5520,1841,22,1,240.26,0.0
5521,1842,86,2,118.78,10.0
5522,1843,24,3,140.86,0.0
5523,1844,29,3,182.29,10.0
5524,1844,15,3,82.54,0.0
5525,1845,3,4,5.21,0.0
5526,1846,21,2,68.66,5.0
5527,1846,12,2,127.97,5.0
5528,1846,9,1,137.06,0.0
5529,1847,33,3,56.06,5.0
5530,1848,14,2,132.45,0.0
5531,1848,33,3,56.06,0.0
5532,1848,5,3,242.5,0.0
5533,1848,71,4,249.99,0.0
5534,1849,44,2,83.73,0.0
5535,1849,51,3,109.23,0.0
5536,1849,56,1,16.47,0.0
5537,1850,85,4,22.63,15.0
5538,1850,3,4,5.21,15.0
5539,1850,38,2,122.19,0.0
5540,1850,80,2,210.36,0.0
5541,1850,46,3,109.69,0.0
5542,1851,13,4,156.19,15.0
5543,1852,61,3,13.74,0.0
5544,1853,17,1,209.57,0.0
5545,1853,78,4,244.02,0.0
5546,1853,58,4,114.17,0.0
5547,1853,50,2,249.28,0.0
5548,1854,62,4,155.64,0.0
5549,1854,84,2,143.06,10.0
5550,1854,6,4,198.49,10.0
5551,1854,16,3,47.12,0.0
5552,1855,92,2,80.29,0.0
5553,1856,5,3,242.5,0.0
5554,1856,1,1,52.08,0.0
5555,1856,67,1,231.81,0.0
5556,1856,42,1,164.24,0.0
5557,1857,26,1,138.84,0.0
5558,1857,12,-4,127.97,0.0
5559,1857,25,-2,169.6,0.0
5560,1858,19,3,232.32,10.0
5561,1859,36,1,64.71,10.0
5562,1860,62,3,155.64,0.0
5563,1860,76,2,146.51,0.0
5564,1860,70,1,71.14,0.0
5565,1860,20,2,234.75,0.0
5566,1861,65,1,128.61,0.0
5567,1862,53,4,8.98,0.0
5568,1862,45,4,242.85,10.0
5569,1863,17,3,209.57,0.0
5570,1863,54,2,156.93,0.0
5571,1863,28,4,83.19,10.0
5572,1864,82,2,233.51,0.0
5573,1864,42,1,164.24,10.0
5574,1865,6,3,198.49,0.0
5575,1865,32,2,130.85,0.0
5576,1865,33,4,56.06,0.0
5577,1866,91,4,103.0,0.0
5578,1866,6,4,198.49,0.0
5579,1866,69,2,89.92,0.0
5580,1866,17,4,209.57,0.0
5581,1867,47,2,144.15,0.0
5582,1867,78,1,244.02,0.0
5583,1867,25,1,169.6,0.0
5584,1867,14,3,132.45,5.0
5585,1867,48,1,126.95,0.0
5586,1868,36,3,64.71,0.0
5587,1869,35,1,26.29,0.0
5588,1869,27,4,112.42,0.0
5589,1869,28,1,83.19,0.0
5590,1870,22,4,240.26,0.0
5591,1870,80,1,210.36,5.0
5592,1870,56,2,16.47,5.0
5593,1870,79,3,81.42,0.0
5594,1871,71,1,249.99,5.0
5595,1871,92,1,80.29,10.0
5596,1871,53,4,8.98,0.0
5597,1872,76,2,146.51,0.0
5598,1872,20,2,234.75,0.0
5599,1872,64,4,7.71,15.0
5600,1872,78,1,244.02,20.0
5601,1872,33,2,56.06,0.0
5602,1873,72,1,58.72,0.0
5603,1873,6,2,198.49,0.0
5604,1873,57,3,205.57,5.0
5605,1874,59,4,137.97,0.0
5606,1874,61,4,13.74,0.0
5607,1874,93,4,161.42,0.0
5608,1875,92,2,80.29,0.0
5609,1875,18,2,57.52,5.0
5610,1875,21,2,68.66,0.0
5611,1875,71,2,249.99,10.0
5612,1876,34,2,230.02,0.0
5613,1876,57,2,205.57,10.0
5614,1876,18,3,57.52,5.0
5615,1876,55,3,172.28,0.0
5616,1876,91,4,103.0,0.0
5617,1877,46,3,109.69,0.0
5618,1877,30,3,231.76,0.0
5619,1877,13,3,156.19,0.0
5620,1877,24,3,140.86,0.0
5621,1877,26,1,138.84,0.0
5622,1878,34,1,230.02,0.0
5623,1878,24,4,140.86,5.0
5624,1879,72,2,58.72,0.0
5625,1879,91,-1,103.0,0.0
5626,1879,93,3,161.42,15.0
5627,1880,10,2,118.69,5.0
5628,1880,80,-1,210.36,10.0
5629,1881,63,4,99.0,0.0
5630,1881,52,4,107.61,0.0
5631,1882,27,3,112.42,0.0
5632,1883,4,2,193.39,0.0
5633,1883,71,4,249.99,10.0
5634,1883,84,2,143.06,0.0
5635,1883,70,1,71.14,0.0
5636,1883,39,4,150.02,10.0
5637,1884,11,2,41.29,0.0
5638,1885,26,3,138.84,0.0
5639,1885,53,2,8.98,5.0
5640,1886,51,1,109.23,0.0
5641,1886,13,1,156.19,0.0
5642,1886,50,4,249.28,0.0
5643,1886,33,1,56.06,0.0
5644,1886,59,4,137.97,0.0
5645,1887,16,4,47.12,0.0
5646,1887,6,3,198.49,0.0
5647,1887,24,2,140.86,0.0
5648,1887,25,4,169.6,0.0
5649,1888,86,3,118.78,0.0
5650,1889,16,1,47.12,0.0
5651,1890,81,4,243.31,0.0
5652,1890,24,4,140.86,0.0
5653,1891,9,4,137.06,0.0
5654,1891,5,3,242.5,0.0
5655,1891,68,4,85.39,10.0
5656,1891,44,3,83.73,10.0
5657,1892,49,2,51.93,0.0
5658,1892,26,4,138.84,0.0
5659,1893,57,3,205.57,10.0
5660,1893,84,3,143.06,20.0
5661,1893,95,1,135.85,0.0
5662,1893,50,2,249.28,0.0
5663,1893,80,4,210.36,15.0
5664,1894,31,2,101.08,0.0
5665,1894,57,1,205.57,0.0
5666,1894,64,3,7.71,0.0
5667,1895,34,3,230.02,0.0
5668,1895,43,1,16.37,5.0
5669,1895,4,4,193.39,0.0
5670,1895,31,3,101.08,0.0
5671,1895,57,2,205.57,0.0
5672,1896,16,3,47.12,20.0
5673,1896,32,1,130.85,0.0
5674,1896,53,3,8.98,10.0
5675,1896,77,1,177.17,0.0
5676,1896,49,4,51.93,0.0
5677,1897,23,3,165.25,10.0
5678,1897,91,3,103.0,0.0
5679,1898,81,2,243.31,10.0
5680,1898,75,4,227.7,0.0
5681,1898,56,4,16.47,0.0
5682,1898,27,4,112.42,10.0
5683,1899,80,2,210.36,5.0
5684,1899,61,3,13.74,10.0
5685,1899,34,1,230.02,0.0
5686,1899,15,1,82.54,0.0
5687,1899,43,4,16.37,0.0
5688,1900,39,4,150.02,0.0
5689,1900,67,4,231.81,0.0
5690,1900,34,2,230.02,20.0
5691,1900,76,1,146.51,0.0
5692,1901,35,2,26.29,10.0
5693,1901,91,1,103.0,15.0
5694,1901,61,3,13.74,0.0
5695,1902,68,4,85.39,0.0
5696,1902,61,1,13.74,0.0
5697,1902,43,1,16.37,15.0
5698,1902,56,2,16.47,0.0
5699,1903,25,4,169.6,0.0
5700,1903,63,3,99.0,20.0
5701,1904,65,1,128.61,0.0
5702,1904,58,1,114.17,5.0
5703,1904,2,-3,110.24,0.0
5704,1904,43,-4,16.37,0.0
5705,1905,57,3,205.57,0.0
5706,1905,68,2,85.39,10.0
5707,1905,94,2,115.85,0.0
5708,1906,38,3,122.19,0.0
5709,1907,16,2,47.12,5.0
5710,1907,58,4,114.17,10.0
5711,1908,42,3,164.24,0.0
5712,1908,80,3,210.36,0.0
5713,1908,65,-1,128.61,0.0
5714,1908,35,1,26.29,10.0
5715,1908,34,-4,230.02,5.0
5716,1909,47,2,144.15,0.0
5717,1910,49,2,51.93,15.0
5718,1910,26,3,138.84,10.0
5719,1910,29,4,182.29,0.0
5720,1910,3,1,5.21,20.0
5721,1911,8,4,91.47,0.0
5722,1911,24,2,140.86,0.0
5723,1911,88,2,6.71,10.0
5724,1912,38,2,122.19,0.0
5725,1913,17,1,209.57,15.0
5726,1913,8,1,91.47,0.0
5727,1913,39,3,150.02,0.0
5728,1913,68,3,85.39,10.0
5729,1913,16,4,47.12,0.0
5730,1914,68,3,85.39,10.0
5731,1914,14,2,132.45,0.0
5732,1915,76,1,146.51,0.0
5733,1915,46,2,109.69,10.0
5734,1916,44,3,83.73,0.0
5735,1917,43,4,16.37,0.0
5736,1917,39,3,150.02,0.0
5737,1917,34,3,230.02,0.0
5738,1917,95,3,135.85,0.0
5739,1917,65,1,128.61,10.0
5740,1918,37,3,143.56,0.0
5741,1918,53,3,8.98,0.0
5742,1918,92,4,80.29,0.0
5743,1919,43,1,16.37,0.0
5744,1919,66,2,150.49,0.0
5745,1919,10,4,118.69,0.0
5746,1920,35,3,26.29,0.0
5747,1920,48,1,126.95,0.0
5748,1920,74,4,59.17,0.0
5749,1920,24,3,140.86,5.0
5750,1921,64,1,7.71,5.0
5751,1922,89,1,190.17,0.0
5752,1922,95,2,135.85,0.0
5753,1922,54,3,156.93,5.0
5754,1922,60,4,174.68,0.0
5755,1922,34,3,230.02,0.0
5756,1923,34,4,230.02,0.0
5757,1923,80,2,210.36,15.0
5758,1923,94,2,115.85,0.0
5759,1923,3,4,5.21,0.0
5760,1924,36,4,64.71,15.0
5761,1924,14,1,132.45,0.0
5762,1925,46,3,109.69,15.0
5763,1925,80,2,210.36,20.0
5764,1925,44,4,83.73,20.0
5765,1926,66,3,150.49,5.0
5766,1926,7,3,189.9,20.0
5767,1926,72,1,58.72,0.0
5768,1926,79,4,81.42,5.0
5769,1927,43,3,16.37,5.0
5770,1927,88,1,6.71,0.0
5771,1927,61,4,13.74,0.0
5772,1928,9,4,137.06,0.0
5773,1928,86,3,118.78,0.0
5774,1929,77,1,177.17,0.0
5775,1929,11,2,41.29,0.0
5776,1930,88,2,6.71,5.0
5777,1930,87,4,36.97,0.0
5778,1931,72,1,58.72,0.0
5779,1931,82,2,233.51,0.0
5780,1931,58,3,114.17,20.0
5781,1931,67,4,231.81,0.0
5782,1931,22,4,240.26,5.0
5783,1932,30,2,231.76,0.0
5784,1932,39,4,150.02,0.0
5785,1932,66,4,150.49,0.0
5786,1932,90,4,124.02,0.0
5787,1932,12,1,127.97,0.0
5788,1933,53,3,8.98,0.0
5789,1933,31,4,101.08,0.0
5790,1933,57,3,205.57,0.0
5791,1933,77,2,177.17,0.0
5792,1934,79,-3,81.42,10.0
5793,1934,28,3,83.19,0.0
5794,1934,73,-2,97.41,0.0
5795,1934,91,2,103.0,5.0
5796,1935,76,1,146.51,20.0
5797,1935,50,1,249.28,0.0
5798,1935,54,2,156.93,10.0
5799,1936,63,4,99.0,0.0
5800,1936,18,4,57.52,5.0
5801,1936,24,3,140.86,0.0
5802,1936,7,4,189.9,0.0
5803,1936,29,1,182.29,0.0
5804,1937,32,4,130.85,0.0
5805,1937,7,3,189.9,0.0
5806,1937,34,4,230.02,0.0
5807,1937,43,3,16.37,10.0
5808,1937,42,4,164.24,0.0
5809,1938,95,2,135.85,15.0
5810,1939,34,4,230.02,0.0
5811,1939,28,4,83.19,0.0
5812,1939,54,4,156.93,0.0
5813,1939,29,3,182.29,5.0
5814,1939,22,2,240.26,0.0
5815,1940,59,3,137.97,0.0
5816,1940,92,2,80.29,0.0
5817,1940,13,1,156.19,0.0
5818,1941,81,2,243.31,10.0
5819,1941,13,-3,156.19,0.0
5820,1941,31,3,101.08,15.0
5821,1942,91,1,103.0,5.0
5822,1942,27,2,112.42,0.0
5823,1942,24,1,140.86,0.0
5824,1942,63,1,99.0,15.0
5825,1943,20,1,234.75,0.0
5826,1943,17,3,209.57,0.0
5827,1943,78,3,244.02,0.0
5828,1944,61,2,13.74,0.0
5829,1944,3,4,5.21,0.0
5830,1945,40,1,195.69,0.0
5831,1946,55,-1,172.28,5.0
5832,1947,44,1,83.73,0.0
5833,1947,26,4,138.84,0.0
5834,1947,59,2,137.97,0.0
5835,1948,12,4,127.97,0.0
5836,1948,23,3,165.25,0.0
5837,1949,46,4,109.69,5.0
5838,1949,44,3,83.73,0.0
5839,1949,66,3,150.49,0.0
5840,1949,3,4,5.21,0.0
5841,1950,8,-3,91.47,0.0
5842,1950,19,3,232.32,10.0
5843,1950,59,4,137.97,0.0
5844,1950,93,1,161.42,20.0
5845,1951,89,2,190.17,0.0
5846,1951,77,2,177.17,0.0
5847,1951,26,2,138.84,5.0
5848,1951,24,2,140.86,0.0
5849,1952,11,4,41.29,10.0
5850,1952,54,4,156.93,0.0
5851,1952,43,2,16.37,0.0
5852,1953,23,3,165.25,0.0
5853,1953,51,3,109.23,0.0
5854,1953,88,3,6.71,5.0
5855,1954,42,3,164.24,0.0
5856,1955,37,3,143.56,5.0
5857,1955,51,2,109.23,20.0
5858,1956,25,1,169.6,0.0
5859,1956,60,3,174.68,0.0
5860,1956,90,3,124.02,0.0
5861,1957,35,-4,26.29,10.0
5862,1958,28,-4,83.19,0.0
5863,1958,81,3,243.31,0.0
5864,1959,13,2,156.19,0.0
5865,1959,64,1,7.71,20.0
5866,1959,95,3,135.85,5.0
5867,1959,31,1,101.08,5.0
5868,1959,89,2,190.17,0.0
5869,1960,4,3,193.39,5.0
5870,1960,67,1,231.81,0.0
5871,1960,78,3,244.02,15.0
5872,1960,92,3,80.29,10.0
5873,1961,49,3,51.93,0.0
5874,1961,48,1,126.95,0.0
5875,1961,1,3,52.08,0.0
5876,1961,74,2,59.17,0.0
5877,1962,81,4,243.31,5.0
5878,1962,85,1,22.63,0.0
5879,1963,78,2,244.02,0.0
5880,1964,1,-1,52.08,0.0
5881,1964,72,2,58.72,0.0
5882,1964,9,2,137.06,0.0
5883,1964,84,4,143.06,0.0
5884,1964,60,4,174.68,0.0
5885,1965,14,3,132.45,0.0
5886,1966,82,3,233.51,0.0
5887,1966,41,1,105.88,20.0
5888,1967,52,4,107.61,5.0
5889,1967,31,2,101.08,0.0
5890,1967,94,1,115.85,0.0
5891,1968,82,1,233.51,0.0
5892,1968,61,1,13.74,0.0
5893,1968,25,4,169.6,0.0
5894,1968,47,4,144.15,15.0
5895,1969,80,3,210.36,0.0
5896,1969,86,2,118.78,0.0
5897,1969,87,4,36.97,5.0
5898,1969,43,2,16.37,0.0
5899,1969,84,1,143.06,10.0
5900,1970,16,1,47.12,20.0
5901,1970,20,-2,234.75,0.0
5902,1970,49,-1,51.93,0.0
5903,1970,63,4,99.0,0.0
5904,1970,15,4,82.54,0.0
5905,1971,55,2,172.28,0.0
5906,1971,89,3,190.17,5.0
5907,1972,72,4,58.72,0.0
5908,1972,21,2,68.66,0.0
5909,1973,18,2,57.52,0.0
5910,1973,75,4,227.7,0.0
5911,1974,88,3,6.71,10.0
5912,1974,93,1,161.42,0.0
5913,1974,57,4,205.57,0.0
5914,1975,27,3,112.42,0.0
5915,1975,10,3,118.69,0.0
5916,1975,17,2,209.57,0.0
5917,1976,76,2,146.51,0.0
5918,1977,76,3,146.51,20.0
5919,1977,90,2,124.02,10.0
5920,1977,48,3,126.95,0.0
5921,1977,58,1,114.17,0.0
5922,1978,3,3,5.21,0.0
5923,1978,52,3,107.61,0.0
5924,1978,74,1,59.17,0.0
5925,1979,34,3,230.02,10.0
5926,1979,80,2,210.36,0.0
5927,1979,25,1,169.6,0.0
5928,1979,45,1,242.85,0.0
5929,1980,32,3,130.85,5.0
5930,1980,48,1,126.95,0.0
5931,1980,58,3,114.17,5.0
5932,1980,42,1,164.24,10.0
5933,1980,27,3,112.42,0.0
5934,1981,50,3,249.28,0.0
5935,1981,24,-3,140.86,20.0
5936,1982,80,2,210.36,0.0
5937,1982,91,3,103.0,0.0
5938,1982,90,1,124.02,5.0
5939,1982,22,2,240.26,0.0
5940,1983,34,1,230.02,5.0
5941,1983,61,1,13.74,0.0
5942,1983,88,2,6.71,15.0
5943,1984,51,2,109.23,0.0
5944,1985,22,-2,240.26,0.0
5945,1986,44,3,83.73,0.0
5946,1986,56,2,16.47,0.0
5947,1986,33,2,56.06,0.0
5948,1986,86,3,118.78,5.0
5949,1986,11,1,41.29,0.0
5950,1987,71,1,249.99,0.0
5951,1987,15,4,82.54,0.0
5952,1987,57,1,205.57,5.0
5953,1988,11,1,41.29,0.0
5954,1988,75,1,227.7,0.0
5955,1989,38,1,122.19,0.0
5956,1990,75,4,227.7,0.0
5957,1990,25,1,169.6,15.0
5958,1990,16,2,47.12,10.0
5959,1990,37,1,143.56,0.0
5960,1990,22,3,240.26,10.0
5961,1991,56,4,16.47,0.0
5962,1991,80,3,210.36,0.0
5963,1991,65,2,128.61,0.0
5964,1992,14,1,132.45,20.0
5965,1992,54,2,156.93,5.0
5966,1992,40,1,195.69,0.0
5967,1992,35,1,26.29,10.0
5968,1992,89,-2,190.17,0.0
5969,1993,92,2,80.29,0.0
5970,1993,2,3,110.24,0.0
5971,1993,94,4,115.85,0.0
5972,1994,32,2,130.85,0.0
5973,1994,33,4,56.06,5.0
5974,1994,21,4,68.66,0.0
5975,1995,69,4,89.92,15.0
5976,1995,64,3,7.71,0.0
5977,1995,82,4,233.51,0.0
5978,1995,91,2,103.0,0.0
5979,1995,55,4,172.28,0.0
5980,1996,90,3,124.02,10.0
5981,1996,5,1,242.5,0.0
5982,1997,24,3,140.86,10.0
5983,1997,56,4,16.47,5.0
5984,1997,45,2,242.85,0.0
5985,1998,90,1,124.02,10.0
5986,1998,24,2,140.86,5.0
5987,1998,29,2,182.29,15.0
5988,1999,67,-1,231.81,0.0
5989,1999,3,2,5.21,15.0
5990,1999,62,-2,155.64,0.0
5991,1999,95,3,135.85,0.0
5992,2000,84,2,143.06,0.0
5993,2001,84,3,143.06,0.0
5994,2001,1,3,52.08,0.0
5995,2001,64,4,7.71,0.0
5996,2001,62,3,155.64,0.0
5997,2002,70,3,71.14,0.0
5998,2002,2,3,110.24,5.0
5999,2003,13,1,156.19,5.0
6000,2003,26,1,138.84,0.0
6001,2003,25,1,169.6,0.0
6002,2004,77,4,177.17,0.0
6003,2005,43,1,16.37,0.0
6004,2006,18,4,57.52,10.0
6005,2006,54,4,156.93,10.0
6006,2006,90,1,124.02,20.0
6007,2007,18,1,57.52,0.0
6008,2008,87,3,36.97,20.0
6009,2008,57,-1,205.57,0.0
6010,2008,95,3,135.85,0.0
6011,2009,31,1,101.08,20.0
6012,2009,14,4,132.45,0.0
6013,2010,34,1,230.02,0.0
6014,2010,87,1,36.97,0.0
6015,2010,4,4,193.39,0.0
6016,2010,31,3,101.08,5.0
6017,2010,69,1,89.92,15.0
6018,2011,4,4,193.39,0.0
6019,2011,70,3,71.14,20.0
6020,2011,12,1,127.97,0.0
6021,2012,24,3,140.86,0.0
6022,2012,9,4,137.06,10.0
6023,2013,83,-4,48.63,5.0
6024,2013,40,3,195.69,0.0
6025,2014,1,3,52.08,0.0
6026,2014,9,1,137.06,0.0
6027,2014,2,3,110.24,0.0
6028,2014,81,4,243.31,0.0
6029,2015,77,4,177.17,20.0
6030,2015,46,-4,109.69,0.0
6031,2016,71,4,249.99,0.0
6032,2016,64,3,7.71,0.0
6033,2016,92,4,80.29,0.0
6034,2016,59,2,137.97,0.0
6035,2016,63,2,99.0,0.0
6036,2017,36,3,64.71,0.0
6037,2018,83,4,48.63,10.0
6038,2019,75,1,227.7,0.0
6039,2019,85,1,22.63,0.0
6040,2019,52,4,107.61,10.0
6041,2019,40,3,195.69,0.0
6042,2020,85,2,22.63,0.0
6043,2020,51,3,109.23,10.0
6044,2021,41,3,105.88,10.0
6045,2021,33,4,56.06,0.0
6046,2021,4,1,193.39,5.0
6047,2021,53,1,8.98,5.0
6048,2021,30,2,231.76,0.0
6049,2022,93,3,161.42,0.0
6050,2022,44,1,83.73,0.0
6051,2022,29,4,182.29,0.0
6052,2023,14,1,132.45,0.0
6053,2023,5,2,242.5,0.0
6054,2024,16,2,47.12,0.0
6055,2025,89,3,190.17,0.0
6056,2025,2,4,110.24,0.0
6057,2025,36,4,64.71,0.0
6058,2025,13,3,156.19,0.0
6059,2025,3,4,5.21,0.0
6060,2026,71,1,249.99,20.0
6061,2026,54,4,156.93,0.0
6062,2026,61,1,13.74,0.0
6063,2026,11,2,41.29,0.0
6064,2026,15,1,82.54,0.0
6065,2027,40,4,195.69,5.0
6066,2027,49,4,51.93,0.0
6067,2028,34,2,230.02,0.0
6068,2029,74,3,59.17,0.0
6069,2029,19,3,232.32,10.0
6070,2029,34,1,230.02,0.0
6071,2029,52,2,107.61,0.0
6072,2029,21,4,68.66,5.0
6073,2030,89,1,190.17,0.0
6074,2030,49,1,51.93,0.0
6075,2030,48,3,126.95,0.0
6076,2031,35,3,26.29,10.0
6077,2031,26,4,138.84,0.0
6078,2031,94,3,115.85,0.0
6079,2031,20,2,234.75,0.0
6080,2032,82,1,233.51,0.0
6081,2033,14,2,132.45,0.0
6082,2033,32,1,130.85,0.0
6083,2033,95,2,135.85,0.0
6084,2033,52,3,107.61,0.0
6085,2034,72,2,58.72,0.0
6086,2034,34,1,230.02,0.0
6087,2035,35,4,26.29,5.0
6088,2035,95,1,135.85,0.0
6089,2035,19,3,232.32,0.0
6090,2036,93,3,161.42,0.0
6091,2036,83,1,48.63,0.0
6092,2037,25,3,169.6,0.0
6093,2037,45,3,242.85,0.0
6094,2038,67,1,231.81,5.0
6095,2038,4,1,193.39,10.0
6096,2038,44,4,83.73,0.0
6097,2038,64,3,7.71,0.0
6098,2038,41,3,105.88,0.0
6099,2039,34,3,230.02,0.0
6100,2039,76,1,146.51,0.0
6101,2039,32,1,130.85,0.0
6102,2039,5,2,242.5,0.0
6103,2040,64,2,7.71,5.0
6104,2040,60,3,174.68,15.0
6105,2041,18,1,57.52,0.0
6106,2042,94,4,115.85,0.0
6107,2042,26,4,138.84,0.0
6108,2042,78,2,244.02,0.0
6109,2043,18,4,57.52,0.0
6110,2043,47,1,144.15,0.0
6111,2043,86,1,118.78,0.0
6112,2043,14,3,132.45,0.0
6113,2044,66,4,150.49,0.0
6114,2044,68,2,85.39,5.0
6115,2044,34,4,230.02,0.0
6116,2044,35,4,26.29,0.0
6117,2044,20,3,234.75,5.0
6118,2045,23,4,165.25,5.0
6119,2046,94,2,115.85,15.0
6120,2046,14,3,132.45,0.0
6121,2046,68,2,85.39,0.0
6122,2046,30,2,231.76,0.0
6123,2047,36,4,64.71,0.0
6124,2048,16,1,47.12,0.0
6125,2049,5,3,242.5,0.0
6126,2049,62,3,155.64,0.0
6127,2050,62,2,155.64,0.0
6128,2050,35,2,26.29,20.0
6129,2050,24,-4,140.86,5.0
6130,2050,27,4,112.42,0.0
6131,2051,2,2,110.24,0.0
6132,2052,81,4,243.31,20.0
6133,2052,33,4,56.06,20.0
6134,2053,61,1,13.74,0.0
6135,2053,32,1,130.85,0.0
6136,2053,15,2,82.54,0.0
6137,2054,80,4,210.36,10.0
6138,2054,27,2,112.42,0.0
6139,2054,30,2,231.76,0.0
6140,2054,60,2,174.68,10.0
6141,2055,21,4,68.66,20.0
6142,2056,78,1,244.02,0.0
6143,2057,67,3,231.81,0.0
6144,2058,17,-2,209.57,10.0
6145,2059,58,2,114.17,0.0
6146,2059,80,1,210.36,10.0
6147,2059,4,1,193.39,5.0
6148,2060,22,3,240.26,0.0
6149,2061,55,4,172.28,0.0
6150,2061,64,3,7.71,15.0
6151,2061,84,1,143.06,0.0
6152,2061,45,1,242.85,0.0
6153,2061,67,1,231.81,0.0
6154,2062,87,4,36.97,0.0
6155,2062,51,4,109.23,20.0
6156,2062,17,1,209.57,0.0
6157,2063,84,3,143.06,5.0
6158,2063,71,3,249.99,15.0
6159,2064,85,2,22.63,10.0
6160,2064,25,3,169.6,0.0
6161,2064,38,4,122.19,0.0
6162,2065,66,3,150.49,0.0
6163,2065,95,1,135.85,20.0
6164,2065,90,1,124.02,0.0
6165,2065,47,4,144.15,0.0
6166,2065,69,2,89.92,20.0
6167,2066,58,4,114.17,0.0
6168,2066,69,1,89.92,20.0
6169,2066,79,3,81.42,0.0
6170,2066,41,1,105.88,0.0
6171,2066,28,3,83.19,0.0
6172,2067,35,4,26.29,0.0
6173,2068,9,3,137.06,0.0
6174,2068,66,4,150.49,15.0
6175,2068,58,2,114.17,10.0
6176,2069,64,3,7.71,0.0
6177,2069,16,2,47.12,0.0
6178,2069,19,-2,232.32,0.0
6179,2070,15,-3,82.54,5.0
6180,2070,48,-4,126.95,0.0
6181,2070,30,1,231.76,0.0
6182,2070,19,4,232.32,0.0
6183,2070,91,1,103.0,0.0
6184,2071,84,3,143.06,0.0
6185,2071,25,3,169.6,0.0
6186,2071,17,4,209.57,10.0
6187,2072,4,-4,193.39,0.0
6188,2073,94,4,115.85,20.0
6189,2073,76,3,146.51,0.0
6190,2073,11,4,41.29,0.0
6191,2074,46,4,109.69,5.0
6192,2075,56,3,16.47,5.0
6193,2075,55,-3,172.28,0.0
6194,2075,16,3,47.12,0.0
6195,2075,68,-3,85.39,5.0
6196,2075,20,-4,234.75,0.0
6197,2076,18,2,57.52,0.0
6198,2076,27,2,112.42,0.0
6199,2077,18,1,57.52,0.0
6200,2077,85,3,22.63,15.0
6201,2078,86,4,118.78,0.0
6202,2078,35,4,26.29,0.0
6203,2078,15,3,82.54,0.0
6204,2079,52,3,107.61,0.0
6205,2080,93,3,161.42,0.0
6206,2080,56,4,16.47,0.0
6207,2080,50,3,249.28,0.0
6208,2080,52,3,107.61,10.0
6209,2081,10,3,118.69,0.0
6210,2081,63,4,99.0,0.0
6211,2082,39,2,150.02,0.0
6212,2082,95,4,135.85,0.0
6213,2082,36,3,64.71,0.0
6214,2083,83,4,48.63,5.0
6215,2083,68,3,85.39,0.0
6216,2084,75,2,227.7,0.0
6217,2084,5,1,242.5,0.0
6218,2085,31,3,101.08,0.0
6219,2085,3,4,5.21,0.0
6220,2085,11,3,41.29,0.0
6221,2085,14,4,132.45,0.0
6222,2085,15,2,82.54,0.0
6223,2086,36,2,64.71,0.0
6224,2087,41,4,105.88,20.0
6225,2087,10,2,118.69,0.0
6226,2088,55,2,172.28,10.0
6227,2088,80,3,210.36,5.0
6228,2088,56,4,16.47,0.0
6229,2088,32,1,130.85,0.0
6230,2089,79,2,81.42,0.0
6231,2089,75,4,227.7,15.0
6232,2089,15,3,82.54,0.0
6233,2089,95,4,135.85,5.0
6234,2089,56,2,16.47,0.0
6235,2090,47,2,144.15,0.0
6236,2090,15,1,82.54,0.0
6237,2090,63,1,99.0,0.0
6238,2090,76,4,146.51,10.0
6239,2090,59,1,137.97,0.0
6240,2091,85,1,22.63,10.0
6241,2091,59,1,137.97,0.0
6242,2091,21,3,68.66,0.0
6243,2091,13,3,156.19,5.0
6244,2091,17,4,209.57,0.0
6245,2092,78,3,244.02,0.0
6246,2092,28,2,83.19,0.0
6247,2093,36,1,64.71,0.0
6248,2094,87,3,36.97,10.0
6249,2095,7,3,189.9,0.0
6250,2095,63,2,99.0,5.0
6251,2095,36,2,64.71,15.0
6252,2096,60,1,174.68,0.0
6253,2096,4,2,193.39,0.0
6254,2096,18,1,57.52,0.0
6255,2096,34,1,230.02,0.0
6256,2096,35,2,26.29,0.0
6257,2097,81,4,243.31,0.0
6258,2097,83,-4,48.63,0.0
6259,2097,29,3,182.29,0.0
6260,2097,63,3,99.0,15.0
6261,2098,14,2,132.45,5.0
6262,2098,44,2,83.73,0.0
6263,2098,88,2,6.71,0.0
6264,2098,32,1,130.85,10.0
6265,2099,82,1,233.51,0.0
6266,2099,32,4,130.85,0.0
6267,2100,58,2,114.17,10.0
6268,2100,61,1,13.74,0.0
6269,2100,25,-1,169.6,15.0
6270,2101,90,1,124.02,15.0
6271,2101,47,2,144.15,0.0
6272,2101,41,1,105.88,0.0
6273,2101,60,2,174.68,20.0
6274,2101,86,1,118.78,10.0
6275,2102,1,3,52.08,0.0
6276,2103,21,4,68.66,0.0
6277,2103,73,3,97.41,0.0
6278,2104,57,2,205.57,0.0
6279,2104,51,4,109.23,0.0
6280,2105,8,2,91.47,0.0
6281,2106,8,4,91.47,0.0
6282,2107,43,4,16.37,0.0
6283,2107,37,2,143.56,0.0
6284,2107,52,3,107.61,20.0
6285,2107,48,1,126.95,0.0
6286,2108,49,4,51.93,0.0
6287,2108,46,1,109.69,5.0
6288,2108,84,2,143.06,0.0
6289,2109,94,4,115.85,0.0
6290,2110,42,2,164.24,0.0
6291,2110,53,-3,8.98,0.0
6292,2110,2,4,110.24,0.0
6293,2110,6,-2,198.49,0.0
6294,2111,46,3,109.69,10.0
6295,2111,62,2,155.64,0.0
6296,2111,76,2,146.51,0.0
6297,2112,55,2,172.28,0.0
6298,2112,40,4,195.69,0.0
6299,2113,72,2,58.72,0.0
6300,2113,19,2,232.32,0.0
6301,2113,16,2,47.12,0.0
6302,2113,3,2,5.21,0.0
6303,2113,80,3,210.36,0.0
6304,2114,59,4,137.97,0.0
6305,2115,69,4,89.92,0.0
6306,2115,28,1,83.19,0.0
6307,2115,85,4,22.63,0.0
6308,2115,38,3,122.19,0.0
6309,2116,56,1,16.47,0.0
6310,2116,88,3,6.71,0.0
6311,2117,42,4,164.24,0.0
6312,2117,43,4,16.37,5.0
6313,2117,75,4,227.7,0.0
6314,2117,24,2,140.86,0.0
6315,2117,82,2,233.51,0.0
6316,2118,92,3,80.29,0.0
6317,2118,78,2,244.02,5.0
6318,2118,22,2,240.26,0.0
6319,2118,61,3,13.74,10.0
6320,2118,8,4,91.47,0.0
6321,2119,12,4,127.97,0.0
6322,2119,70,4,71.14,5.0
6323,2119,7,4,189.9,15.0
6324,2119,49,2,51.93,0.0
6325,2120,47,3,144.15,0.0
6326,2120,11,1,41.29,0.0
6327,2120,67,3,231.81,0.0
6328,2120,55,2,172.28,0.0
6329,2120,80,2,210.36,10.0
6330,2121,95,1,135.85,10.0
6331,2121,25,2,169.6,0.0
6332,2121,35,4,26.29,0.0
6333,2121,61,2,13.74,0.0
6334,2121,54,1,156.93,0.0
6335,2122,13,3,156.19,0.0
6336,2122,65,1,128.61,0.0
6337,2123,25,2,169.6,10.0
6338,2124,1,2,52.08,0.0
6339,2124,76,4,146.51,0.0
6340,2124,71,2,249.99,0.0
6341,2125,80,1,210.36,10.0
6342,2125,45,2,242.85,0.0
6343,2126,1,1,52.08,0.0
6344,2127,40,3,195.69,20.0
6345,2127,68,4,85.39,0.0
6346,2127,31,1,101.08,0.0
6347,2128,81,4,243.31,0.0
6348,2128,8,4,91.47,0.0
6349,2128,92,2,80.29,15.0
6350,2128,89,3,190.17,0.0
6351,2129,37,-1,143.56,0.0
6352,2129,81,1,243.31,0.0
6353,2130,34,1,230.02,0.0
6354,2130,90,2,124.02,0.0
6355,2131,19,-2,232.32,0.0
6356,2131,84,4,143.06,0.0
6357,2131,6,-3,198.49,20.0
6358,2132,11,4,41.29,0.0
6359,2133,95,2,135.85,0.0
6360,2133,18,3,57.52,0.0
6361,2133,77,4,177.17,10.0
6362,2133,1,2,52.08,0.0
6363,2134,39,2,150.02,0.0
6364,2134,11,1,41.29,0.0
6365,2134,62,1,155.64,0.0
6366,2134,88,2,6.71,0.0
6367,2134,44,3,83.73,5.0
6368,2135,1,3,52.08,0.0
6369,2135,68,3,85.39,0.0
6370,2135,34,4,230.02,0.0
6371,2136,63,2,99.0,20.0
6372,2136,7,4,189.9,0.0
6373,2136,94,3,115.85,10.0
6374,2136,1,3,52.08,15.0
6375,2136,72,2,58.72,0.0
6376,2137,83,2,48.63,0.0
6377,2137,77,1,177.17,0.0
6378,2137,57,2,205.57,0.0
6379,2137,32,3,130.85,0.0
6380,2138,26,1,138.84,10.0
6381,2138,50,1,249.28,0.0
6382,2138,69,2,89.92,0.0
6383,2138,4,4,193.39,0.0
6384,2139,59,1,137.97,0.0
6385,2140,72,1,58.72,0.0
6386,2140,52,3,107.61,10.0
6387,2140,25,4,169.6,5.0
6388,2140,81,1,243.31,0.0
6389,2140,85,3,22.63,0.0
6390,2141,16,1,47.12,20.0
6391,2142,57,-3,205.57,0.0
6392,2142,54,-1,156.93,0.0
6393,2142,10,2,118.69,0.0
6394,2142,75,3,227.7,15.0
6395,2143,72,3,58.72,5.0
6396,2143,1,3,52.08,20.0
6397,2144,42,2,164.24,0.0
6398,2144,25,3,169.6,0.0
6399,2145,31,4,101.08,0.0
6400,2145,47,4,144.15,20.0
6401,2145,91,2,103.0,0.0
6402,2145,65,3,128.61,5.0
6403,2146,74,4,59.17,0.0
6404,2146,65,3,128.61,0.0
6405,2147,30,3,231.76,0.0
6406,2147,41,2,105.88,0.0
6407,2147,93,4,161.42,0.0
6408,2147,51,4,109.23,0.0
6409,2147,87,2,36.97,0.0
6410,2148,81,4,243.31,0.0
6411,2148,21,2,68.66,0.0
6412,2148,8,1,91.47,0.0
6413,2148,14,2,132.45,0.0
6414,2149,54,4,156.93,0.0
6415,2149,28,4,83.19,0.0
6416,2150,35,1,26.29,5.0
6417,2150,47,3,144.15,0.0
6418,2150,92,3,80.29,15.0
6419,2151,34,3,230.02,0.0
6420,2151,38,1,122.19,0.0
6421,2151,73,3,97.41,0.0
6422,2151,43,3,16.37,0.0
6423,2151,62,1,155.64,10.0
6424,2152,63,2,99.0,15.0
6425,2152,83,4,48.63,0.0
6426,2152,79,4,81.42,0.0
6427,2153,80,1,210.36,0.0
6428,2153,68,1,85.39,0.0
6429,2153,64,3,7.71,10.0
6430,2153,48,3,126.95,0.0
6431,2153,83,1,48.63,5.0
6432,2154,44,4,83.73,10.0
6433,2155,4,1,193.39,0.0
6434,2156,22,1,240.26,15.0
6435,2156,40,4,195.69,0.0
6436,2156,27,4,112.42,5.0
6437,2156,7,4,189.9,0.0
6438,2157,58,1,114.17,10.0
6439,2157,40,2,195.69,5.0
6440,2158,50,3,249.28,0.0
6441,2159,14,1,132.45,15.0
6442,2160,1,3,52.08,5.0
6443,2161,66,1,150.49,15.0
6444,2161,30,1,231.76,0.0
6445,2161,82,1,233.51,0.0
6446,2161,18,3,57.52,0.0
6447,2162,82,1,233.51,15.0
6448,2162,58,1,114.17,0.0
6449,2162,65,3,128.61,10.0
6450,2162,34,2,230.02,0.0
6451,2162,21,1,68.66,0.0
6452,2163,9,3,137.06,0.0
6453,2163,92,3,80.29,5.0
6454,2163,46,3,109.69,0.0
6455,2163,75,3,227.7,0.0
6456,2164,22,3,240.26,0.0
6457,2164,76,4,146.51,0.0
6458,2164,30,2,231.76,0.0
6459,2164,4,4,193.39,0.0
6460,2164,44,3,83.73,5.0
6461,2165,94,1,115.85,0.0
6462,2165,87,3,36.97,10.0
6463,2165,69,2,89.92,0.0
6464,2166,68,4,85.39,0.0
6465,2166,46,4,109.69,0.0
6466,2167,51,1,109.23,5.0
6467,2167,3,1,5.21,0.0
6468,2167,63,3,99.0,0.0
6469,2167,42,2,164.24,0.0
6470,2168,17,3,209.57,0.0
6471,2169,42,3,164.24,0.0
6472,2169,52,2,107.61,10.0
6473,2170,5,4,242.5,15.0
6474,2170,58,3,114.17,5.0
6475,2170,93,3,161.42,0.0
6476,2171,43,2,16.37,0.0
6477,2171,10,3,118.69,15.0
6478,2172,11,4,41.29,10.0
6479,2173,80,4,210.36,0.0
6480,2173,36,2,64.71,0.0
6481,2174,19,1,232.32,10.0
6482,2175,72,3,58.72,5.0
6483,2176,54,3,156.93,0.0
6484,2176,73,-3,97.41,20.0
6485,2177,37,4,143.56,0.0
6486,2177,54,1,156.93,0.0
6487,2177,10,4,118.69,0.0
6488,2177,40,-4,195.69,0.0
6489,2177,17,4,209.57,0.0
6490,2178,85,1,22.63,0.0
6491,2178,28,1,83.19,0.0
6492,2179,65,3,128.61,0.0
6493,2180,7,1,189.9,15.0
6494,2180,86,-1,118.78,15.0
6495,2180,24,1,140.86,0.0
6496,2180,87,-1,36.97,0.0
6497,2181,59,4,137.97,0.0
6498,2181,31,3,101.08,10.0
6499,2181,54,-2,156.93,20.0
6500,2181,44,1,83.73,10.0
6501,2182,49,2,51.93,0.0
6502,2182,80,3,210.36,0.0
6503,2183,84,2,143.06,0.0
6504,2183,11,1,41.29,0.0
6505,2184,49,1,51.93,0.0
6506,2184,33,4,56.06,0.0
6507,2185,39,3,150.02,0.0
6508,2186,85,4,22.63,0.0
6509,2186,18,2,57.52,0.0
6510,2186,59,1,137.97,0.0
6511,2187,30,3,231.76,0.0
6512,2187,95,2,135.85,0.0
6513,2188,68,1,85.39,0.0
6514,2188,72,3,58.72,10.0
6515,2188,78,3,244.02,20.0
6516,2189,91,3,103.0,10.0
6517,2190,75,1,227.7,0.0
6518,2190,1,3,52.08,0.0
6519,2191,43,1,16.37,5.0
6520,2191,33,4,56.06,5.0
6521,2191,64,3,7.71,5.0
6522,2192,87,3,36.97,15.0
6523,2192,30,2,231.76,15.0
6524,2192,55,1,172.28,0.0
6525,2192,63,3,99.0,0.0
6526,2192,19,4,232.32,0.0
6527,2193,87,2,36.97,0.0
6528,2194,80,3,210.36,0.0
6529,2194,17,2,209.57,0.0
6530,2194,88,2,6.71,5.0
6531,2194,12,2,127.97,5.0
6532,2194,50,4,249.28,10.0
6533,2195,66,1,150.49,0.0
6534,2195,9,3,137.06,10.0
6535,2195,45,4,242.85,0.0
6536,2195,46,4,109.69,0.0
6537,2195,60,3,174.68,20.0
6538,2196,82,3,233.51,0.0
6539,2196,2,4,110.24,0.0
6540,2196,44,1,83.73,0.0
6541,2196,73,3,97.41,0.0
6542,2197,20,1,234.75,0.0
6543,2197,48,1,126.95,15.0
6544,2197,51,4,109.23,15.0
6545,2197,78,4,244.02,10.0
6546,2197,52,3,107.61,0.0
6547,2198,74,4,59.17,5.0
6548,2198,65,1,128.61,0.0
6549,2198,81,2,243.31,0.0
6550,2198,78,2,244.02,0.0
6551,2199,24,1,140.86,0.0
6552,2199,45,1,242.85,0.0
6553,2200,27,4,112.42,0.0
6554,2200,14,1,132.45,10.0
6555,2200,78,3,244.02,0.0
6556,2200,12,2,127.97,10.0
6557,2201,53,2,8.98,0.0
6558,2202,51,-3,109.23,0.0
6559,2202,80,3,210.36,0.0
6560,2202,94,3,115.85,10.0
6561,2203,28,2,83.19,0.0
6562,2204,42,2,164.24,10.0
6563,2204,17,-1,209.57,0.0
6564,2205,43,1,16.37,0.0
6565,2205,65,2,128.61,15.0
6566,2205,86,1,118.78,5.0
6567,2205,53,1,8.98,0.0
6568,2205,18,2,57.52,0.0
6569,2206,55,4,172.28,0.0
6570,2206,50,3,249.28,0.0
6571,2206,51,1,109.23,0.0
6572,2206,30,2,231.76,0.0
6573,2207,26,4,138.84,0.0
6574,2207,88,2,6.71,0.0
6575,2208,45,2,242.85,0.0
6576,2208,82,1,233.51,0.0
6577,2209,54,3,156.93,0.0
6578,2209,58,2,114.17,0.0
6579,2209,13,4,156.19,0.0
6580,2210,20,3,234.75,5.0
6581,2210,37,1,143.56,0.0
6582,2210,80,2,210.36,5.0
6583,2211,42,1,164.24,0.0
6584,2212,32,4,130.85,5.0
6585,2213,22,3,240.26,0.0
6586,2213,18,1,57.52,10.0
6587,2213,91,2,103.0,0.0
6588,2213,50,3,249.28,0.0
6589,2213,14,3,132.45,0.0
6590,2214,51,4,109.23,0.0
6591,2214,10,3,118.69,0.0
6592,2214,93,1,161.42,5.0
6593,2214,31,1,101.08,0.0
6594,2215,25,3,169.6,5.0
6595,2215,19,2,232.32,0.0
6596,2215,27,1,112.42,0.0
6597,2215,73,2,97.41,0.0
6598,2215,90,-4,124.02,5.0
6599,2216,57,2,205.57,0.0
6600,2217,71,4,249.99,0.0
6601,2217,13,4,156.19,0.0
6602,2217,9,2,137.06,0.0
6603,2217,21,1,68.66,0.0
6604,2217,2,4,110.24,0.0
6605,2218,1,1,52.08,0.0
6606,2218,59,3,137.97,0.0
6607,2218,82,3,233.51,10.0
6608,2218,13,2,156.19,0.0
6609,2219,26,4,138.84,0.0
6610,2219,77,1,177.17,0.0
6611,2219,32,3,130.85,0.0
6612,2219,10,4,118.69,10.0
6613,2220,67,-1,231.81,0.0
6614,2220,65,2,128.61,0.0
6615,2220,55,2,172.28,10.0
6616,2221,73,3,97.41,0.0
6617,2222,41,4,105.88,5.0
6618,2223,58,2,114.17,0.0
6619,2224,94,2,115.85,10.0
6620,2224,64,2,7.71,10.0
6621,2224,37,1,143.56,0.0
6622,2225,74,1,59.17,0.0
6623,2225,49,2,51.93,0.0
6624,2225,64,1,7.71,0.0
6625,2226,81,1,243.31,20.0
6626,2226,9,1,137.06,0.0
6627,2226,14,3,132.45,0.0
6628,2227,9,4,137.06,0.0
6629,2227,24,1,140.86,5.0
6630,2227,41,2,105.88,5.0
6631,2228,60,4,174.68,10.0
6632,2228,50,3,249.28,10.0
6633,2228,56,1,16.47,10.0
6634,2228,5,3,242.5,0.0
6635,2229,60,2,174.68,0.0
6636,2229,37,1,143.56,0.0
6637,2229,38,4,122.19,0.0
6638,2229,86,2,118.78,0.0
6639,2229,90,4,124.02,5.0
6640,2230,1,1,52.08,0.0
6641,2230,61,3,13.74,0.0
6642,2231,61,4,13.74,0.0
6643,2232,18,2,57.52,5.0
6644,2232,91,2,103.0,0.0
6645,2232,86,2,118.78,0.0
6646,2232,72,4,58.72,0.0
6647,2232,71,4,249.99,0.0
6648,2233,54,4,156.93,0.0
6649,2233,2,4,110.24,0.0
6650,2234,42,2,164.24,15.0
6651,2234,44,3,83.73,0.0
6652,2234,60,4,174.68,0.0
6653,2234,9,3,137.06,0.0
6654,2235,46,3,109.69,0.0
6655,2235,23,2,165.25,0.0
6656,2235,57,4,205.57,15.0
6657,2235,93,1,161.42,10.0
6658,2236,61,3,13.74,0.0
6659,2236,32,4,130.85,0.0
6660,2236,30,4,231.76,0.0
6661,2236,70,1,71.14,0.0
6662,2237,26,2,138.84,0.0
6663,2237,65,3,128.61,5.0
6664,2237,95,2,135.85,5.0
6665,2237,27,3,112.42,0.0
6666,2237,9,4,137.06,0.0
6667,2238,70,2,71.14,0.0
6668,2238,74,3,59.17,0.0
6669,2239,93,2,161.42,0.0
6670,2239,61,1,13.74,10.0
6671,2239,68,2,85.39,10.0
6672,2240,15,2,82.54,0.0
6673,2240,86,4,118.78,0.0
6674,2240,68,3,85.39,5.0
6675,2240,50,2,249.28,20.0
6676,2241,61,2,13.74,0.0
6677,2241,72,1,58.72,0.0
6678,2241,57,2,205.57,15.0
6679,2242,90,2,124.02,0.0
6680,2242,29,-4,182.29,0.0
6681,2243,44,1,83.73,10.0
6682,2243,48,2,126.95,0.0
6683,2243,36,2,64.71,0.0
6684,2244,26,2,138.84,0.0
6685,2245,2,4,110.24,0.0
6686,2245,40,1,195.69,0.0
6687,2245,58,4,114.17,0.0
6688,2245,75,1,227.7,0.0
6689,2245,70,3,71.14,0.0
6690,2246,50,2,249.28,0.0
6691,2246,38,4,122.19,0.0
6692,2246,81,2,243.31,0.0
6693,2247,67,3,231.81,0.0
6694,2247,77,2,177.17,0.0
6695,2248,50,4,249.28,0.0
6696,2248,6,4,198.49,20.0
6697,2248,14,2,132.45,0.0
6698,2249,66,3,150.49,5.0
6699,2250,31,2,101.08,10.0
6700,2250,33,1,56.06,0.0
6701,2250,84,1,143.06,0.0
6702,2250,91,1,103.0,0.0
6703,2251,47,1,144.15,0.0
6704,2251,41,1,105.88,0.0
6705,2251,40,3,195.69,0.0
6706,2252,82,1,233.51,0.0
6707,2253,95,1,135.85,0.0
6708,2254,57,3,205.57,0.0
6709,2255,40,1,195.69,20.0
6710,2255,36,4,64.71,0.0
6711,2256,19,4,232.32,0.0
6712,2256,10,2,118.69,15.0
6713,2257,35,4,26.29,0.0
6714,2257,33,1,56.06,0.0
6715,2257,2,1,110.24,0.0
6716,2258,85,3,22.63,0.0
6717,2258,4,1,193.39,10.0
6718,2259,29,2,182.29,5.0
6719,2259,85,4,22.63,5.0
6720,2260,22,2,240.26,0.0
6721,2261,10,3,118.69,0.0
6722,2261,46,4,109.69,10.0
6723,2261,84,1,143.06,0.0
6724,2261,24,2,140.86,0.0
6725,2261,7,4,189.9,0.0
6726,2262,36,1,64.71,0.0
6727,2262,77,3,177.17,0.0
6728,2263,63,4,99.0,10.0
6729,2263,33,2,56.06,0.0
6730,2264,83,2,48.63,0.0
6731,2264,51,3,109.23,0.0
6732,2264,46,3,109.69,5.0
6733,2264,33,1,56.06,0.0
6734,2265,53,1,8.98,0.0
6735,2265,84,1,143.06,0.0
6736,2265,32,1,130.85,5.0
6737,2265,17,3,209.57,15.0
6738,2265,76,4,146.51,0.0
6739,2266,28,4,83.19,0.0
6740,2266,60,1,174.68,0.0
6741,2267,73,1,97.41,0.0
6742,2267,14,4,132.45,15.0
6743,2268,87,4,36.97,0.0
6744,2268,65,4,128.61,5.0
6745,2268,89,4,190.17,0.0
6746,2268,36,3,64.71,0.0
6747,2268,68,4,85.39,0.0
6748,2269,38,4,122.19,0.0
6749,2270,56,2,16.47,0.0
6750,2270,67,2,231.81,0.0
6751,2271,40,2,195.69,5.0
6752,2272,62,2,155.64,0.0
6753,2272,57,4,205.57,0.0
6754,2272,48,3,126.95,15.0
6755,2273,61,-3,13.74,10.0
6756,2273,67,-1,231.81,0.0
6757,2273,9,4,137.06,0.0
6758,2273,59,2,137.97,0.0
6759,2274,18,4,57.52,0.0
6760,2274,95,3,135.85,0.0
6761,2274,90,4,124.02,10.0
6762,2275,80,3,210.36,0.0
6763,2275,78,3,244.02,0.0
6764,2275,63,4,99.0,0.0
6765,2276,74,4,59.17,0.0
6766,2277,62,1,155.64,5.0
6767,2277,58,1,114.17,0.0
6768,2277,30,3,231.76,0.0
6769,2277,79,4,81.42,0.0
6770,2277,50,4,249.28,0.0
6771,2278,15,4,82.54,20.0
6772,2278,91,3,103.0,0.0
6773,2278,87,3,36.97,10.0
6774,2279,59,4,137.97,20.0
6775,2279,85,1,22.63,0.0
6776,2279,9,4,137.06,0.0
6777,2279,87,4,36.97,0.0
6778,2279,93,1,161.42,0.0
6779,2280,58,3,114.17,10.0
6780,2280,15,2,82.54,0.0
6781,2280,19,1,232.32,0.0
6782,2280,50,2,249.28,10.0
6783,2281,66,1,150.49,0.0
6784,2281,47,4,144.15,0.0
6785,2281,84,3,143.06,0.0
6786,2281,22,3,240.26,0.0
6787,2281,34,3,230.02,10.0
6788,2282,59,-2,137.97,0.0
6789,2282,54,4,156.93,0.0
6790,2283,91,1,103.0,0.0
6791,2283,13,3,156.19,0.0
6792,2283,35,4,26.29,0.0
6793,2283,40,1,195.69,0.0
6794,2283,1,1,52.08,0.0
6795,2284,21,2,68.66,0.0
6796,2284,75,3,227.7,5.0
6797,2284,53,3,8.98,0.0
6798,2284,68,2,85.39,5.0
6799,2285,48,4,126.95,10.0
6800,2285,15,4,82.54,10.0
6801,2286,90,1,124.02,10.0
6802,2286,86,-3,118.78,0.0
6803,2286,94,2,115.85,5.0
6804,2286,32,1,130.85,0.0
6805,2286,62,4,155.64,0.0
6806,2287,38,3,122.19,0.0
6807,2287,29,2,182.29,0.0
6808,2287,90,1,124.02,0.0
6809,2287,3,1,5.21,0.0
6810,2288,19,-4,232.32,0.0
6811,2288,62,4,155.64,5.0
6812,2288,1,-4,52.08,0.0
6813,2289,73,1,97.41,0.0
6814,2289,93,2,161.42,0.0
6815,2290,22,-1,240.26,0.0
6816,2290,57,2,205.57,0.0
6817,2291,35,4,26.29,0.0
6818,2291,62,3,155.64,0.0
6819,2291,17,4,209.57,20.0
6820,2291,43,2,16.37,20.0
6821,2292,89,3,190.17,0.0
6822,2292,14,2,132.45,0.0
6823,2292,41,1,105.88,0.0
6824,2292,91,1,103.0,5.0
6825,2293,50,3,249.28,0.0
6826,2293,57,1,205.57,0.0
6827,2293,56,2,16.47,0.0
6828,2293,52,1,107.61,0.0
6829,2294,65,1,128.61,0.0
6830,2294,56,1,16.47,0.0
6831,2295,24,2,140.86,0.0
6832,2295,15,4,82.54,10.0
6833,2296,53,3,8.98,0.0
6834,2296,15,4,82.54,0.0
6835,2297,80,1,210.36,0.0
6836,2297,48,4,126.95,10.0
6837,2298,75,2,227.7,15.0
6838,2298,90,3,124.02,0.0
6839,2298,70,2,71.14,10.0
6840,2298,76,2,146.51,0.0
6841,2298,56,1,16.47,0.0
6842,2299,62,4,155.64,0.0
6843,2300,28,4,83.19,10.0
6844,2300,9,3,137.06,5.0
6845,2300,23,3,165.25,10.0
6846,2301,64,2,7.71,0.0
6847,2301,55,1,172.28,0.0
6848,2301,89,1,190.17,15.0
6849,2301,21,4,68.66,0.0
6850,2301,15,-2,82.54,0.0
6851,2302,35,1,26.29,0.0
6852,2303,72,3,58.72,0.0
6853,2304,15,1,82.54,0.0
6854,2304,63,1,99.0,0.0
6855,2304,77,1,177.17,0.0
6856,2304,32,-2,130.85,5.0
6857,2304,2,1,110.24,0.0
6858,2305,44,4,83.73,0.0
6859,2305,83,1,48.63,20.0
6860,2306,39,1,150.02,0.0
6861,2306,54,3,156.93,15.0
6862,2306,3,4,5.21,10.0
6863,2306,18,3,57.52,0.0
6864,2306,82,1,233.51,0.0
6865,2307,59,3,137.97,0.0
6866,2308,50,2,249.28,0.0
6867,2308,1,2,52.08,0.0
6868,2309,92,3,80.29,0.0
6869,2309,16,1,47.12,0.0
6870,2309,54,3,156.93,20.0
6871,2309,51,3,109.23,10.0
6872,2310,84,3,143.06,0.0
6873,2310,13,4,156.19,0.0
6874,2310,51,3,109.23,0.0
6875,2311,35,4,26.29,0.0
6876,2311,94,1,115.85,15.0
6877,2312,33,1,56.06,0.0
6878,2312,42,1,164.24,0.0
6879,2312,70,2,71.14,0.0
6880,2312,51,3,109.23,10.0
6881,2313,19,4,232.32,0.0
6882,2313,87,3,36.97,0.0
6883,2313,82,1,233.51,0.0
6884,2314,26,4,138.84,10.0
6885,2314,23,4,165.25,0.0
6886,2314,48,2,126.95,0.0
6887,2314,86,4,118.78,0.0
6888,2314,77,1,177.17,10.0
6889,2315,79,3,81.42,20.0
6890,2315,95,4,135.85,10.0
6891,2316,59,4,137.97,0.0
6892,2317,18,4,57.52,0.0
6893,2318,36,3,64.71,0.0
6894,2318,13,1,156.19,0.0
6895,2319,60,4,174.68,0.0
6896,2319,74,4,59.17,20.0
6897,2319,82,3,233.51,0.0
6898,2319,7,2,189.9,5.0
6899,2320,30,4,231.76,0.0
6900,2320,66,1,150.49,0.0
6901,2320,33,4,56.06,0.0
6902,2320,32,3,130.85,0.0
6903,2320,95,-3,135.85,0.0
6904,2321,47,4,144.15,0.0
6905,2321,64,2,7.71,0.0
6906,2322,85,3,22.63,0.0
6907,2323,92,2,80.29,0.0
6908,2323,49,4,51.93,5.0
6909,2324,86,3,118.78,0.0
6910,2325,40,2,195.69,0.0
6911,2325,58,2,114.17,0.0
6912,2325,61,2,13.74,0.0
6913,2325,8,1,91.47,0.0
6914,2325,50,3,249.28,0.0
6915,2326,57,1,205.57,5.0
6916,2326,83,-4,48.63,0.0
6917,2326,58,1,114.17,10.0
6918,2326,68,3,85.39,0.0
6919,2327,57,3,205.57,20.0
6920,2327,23,1,165.25,0.0
6921,2327,30,3,231.76,0.0
6922,2328,65,4,128.61,10.0
6923,2328,75,3,227.7,0.0
6924,2329,71,1,249.99,0.0
6925,2329,81,1,243.31,0.0
6926,2329,20,1,234.75,0.0
6927,2329,18,3,57.52,0.0
6928,2330,41,3,105.88,0.0
6929,2330,11,3,41.29,0.0
6930,2331,85,1,22.63,0.0
6931,2332,35,2,26.29,0.0
6932,2332,21,3,68.66,10.0
6933,2333,39,1,150.02,0.0
6934,2333,67,4,231.81,0.0
6935,2333,26,3,138.84,0.0
6936,2333,6,2,198.49,10.0
6937,2333,45,3,242.85,0.0
6938,2334,88,2,6.71,0.0
6939,2334,62,2,155.64,0.0
6940,2334,64,3,7.71,0.0
6941,2334,57,4,205.57,0.0
6942,2335,57,4,205.57,15.0
6943,2335,77,1,177.17,0.0
6944,2335,12,2,127.97,10.0
6945,2335,33,1,56.06,20.0
6946,2335,1,4,52.08,0.0
6947,2336,91,3,103.0,0.0
6948,2336,53,1,8.98,0.0
6949,2336,78,2,244.02,0.0
6950,2336,64,2,7.71,0.0
6951,2337,20,2,234.75,20.0
6952,2337,45,3,242.85,10.0
6953,2338,94,1,115.85,5.0
6954,2338,2,4,110.24,0.0
6955,2338,61,2,13.74,0.0
6956,2339,24,4,140.86,0.0
6957,2340,23,3,165.25,0.0
6958,2340,57,1,205.57,0.0
6959,2340,43,1,16.37,0.0
6960,2340,51,3,109.23,0.0
6961,2341,50,1,249.28,5.0
6962,2341,19,1,232.32,0.0
6963,2342,95,3,135.85,10.0
6964,2342,92,1,80.29,0.0
6965,2342,83,3,48.63,5.0
6966,2342,8,2,91.47,10.0
6967,2343,21,2,68.66,0.0
6968,2343,62,4,155.64,0.0
6969,2343,81,1,243.31,0.0
6970,2344,89,4,190.17,0.0
6971,2344,76,1,146.51,5.0
6972,2345,32,4,130.85,0.0
6973,2345,28,2,83.19,0.0
6974,2345,90,3,124.02,0.0
6975,2345,14,2,132.45,0.0
6976,2345,17,4,209.57,5.0
6977,2346,89,2,190.17,5.0
6978,2347,9,3,137.06,5.0
6979,2347,93,1,161.42,0.0
6980,2347,76,3,146.51,0.0
6981,2348,42,4,164.24,0.0
6982,2348,72,2,58.72,5.0
6983,2348,63,2,99.0,0.0
6984,2348,86,2,118.78,5.0
6985,2348,4,3,193.39,20.0
6986,2349,93,4,161.42,0.0
6987,2349,25,2,169.6,0.0
6988,2349,45,3,242.85,10.0
6989,2350,5,2,242.5,10.0
6990,2350,59,2,137.97,0.0
6991,2350,88,1,6.71,15.0
6992,2351,70,4,71.14,0.0
6993,2352,15,1,82.54,0.0
6994,2352,84,4,143.06,0.0
6995,2352,2,4,110.24,10.0
6996,2352,41,3,105.88,0.0
6997,2352,68,4,85.39,0.0
6998,2353,50,3,249.28,0.0
6999,2353,82,3,233.51,0.0
7000,2354,53,2,8.98,0.0
7001,2354,30,4,231.76,15.0
7002,2354,26,2,138.84,0.0
7003,2354,62,1,155.64,0.0
7004,2354,74,2,59.17,0.0
7005,2355,7,1,189.9,0.0
7006,2355,42,1,164.24,0.0
7007,2355,22,1,240.26,0.0
7008,2356,55,3,172.28,15.0
7009,2356,21,4,68.66,0.0
7010,2356,77,4,177.17,0.0
7011,2356,10,3,118.69,0.0
7012,2356,35,1,26.29,0.0
7013,2357,27,3,112.42,10.0
7014,2357,79,3,81.42,10.0
7015,2357,57,-4,205.57,0.0
7016,2358,9,3,137.06,0.0
7017,2358,56,4,16.47,0.0
7018,2358,32,4,130.85,0.0
7019,2358,73,2,97.41,0.0
7020,2359,59,1,137.97,15.0
7021,2359,57,4,205.57,0.0
7022,2359,48,4,126.95,0.0
7023,2359,50,2,249.28,0.0
7024,2359,10,2,118.69,10.0
7025,2360,2,1,110.24,0.0
7026,2360,41,4,105.88,0.0
7027,2360,37,3,143.56,0.0
7028,2360,45,3,242.85,5.0
7029,2360,95,1,135.85,0.0
7030,2361,14,2,132.45,0.0
7031,2361,18,1,57.52,5.0
7032,2361,25,4,169.6,0.0
7033,2361,79,2,81.42,0.0
7034,2362,86,2,118.78,0.0
7035,2362,70,1,71.14,0.0
7036,2362,3,1,5.21,0.0
7037,2362,74,4,59.17,5.0
7038,2362,51,3,109.23,0.0
7039,2363,60,2,174.68,0.0
7040,2363,55,4,172.28,0.0
7041,2364,50,4,249.28,0.0
7042,2364,53,4,8.98,0.0
7043,2364,4,3,193.39,15.0
7044,2364,73,1,97.41,5.0
7045,2365,57,2,205.57,0.0
7046,2366,91,2,103.0,0.0
7047,2366,24,2,140.86,0.0
7048,2367,80,1,210.36,5.0
7049,2367,39,4,150.02,0.0
7050,2367,86,1,118.78,0.0
7051,2368,36,3,64.71,0.0
7052,2368,82,4,233.51,0.0
7053,2369,92,1,80.29,0.0
7054,2369,41,4,105.88,0.0
7055,2369,26,4,138.84,0.0
7056,2370,95,1,135.85,5.0
7057,2370,90,1,124.02,0.0
7058,2370,4,4,193.39,0.0
7059,2370,45,1,242.85,5.0
7060,2371,58,3,114.17,0.0
7061,2371,4,2,193.39,0.0
7062,2371,24,2,140.86,0.0
7063,2371,62,2,155.64,0.0
7064,2371,67,4,231.81,0.0
7065,2372,68,4,85.39,0.0
7066,2372,28,2,83.19,20.0
7067,2372,5,4,242.5,5.0
7068,2373,51,1,109.23,15.0
7069,2373,55,4,172.28,0.0
7070,2373,44,3,83.73,0.0
7071,2373,86,4,118.78,5.0
7072,2373,53,3,8.98,0.0
7073,2374,2,2,110.24,10.0
7074,2374,38,-1,122.19,0.0
7075,2374,6,3,198.49,0.0
7076,2375,61,1,13.74,0.0
7077,2375,81,2,243.31,0.0
7078,2375,20,1,234.75,0.0
7079,2376,32,1,130.85,0.0
7080,2376,15,1,82.54,0.0
7081,2376,52,3,107.61,0.0
7082,2376,49,4,51.93,0.0
7083,2376,2,3,110.24,0.0
7084,2377,40,3,195.69,0.0
7085,2378,52,1,107.61,15.0
7086,2379,56,1,16.47,15.0
7087,2379,84,2,143.06,5.0
7088,2379,45,4,242.85,0.0
7089,2380,47,1,144.15,0.0
7090,2380,42,2,164.24,0.0
7091,2380,66,1,150.49,5.0
7092,2381,81,2,243.31,0.0
7093,2381,91,1,103.0,0.0
7094,2381,53,2,8.98,15.0
7095,2381,52,-1,107.61,20.0
7096,2381,90,4,124.02,0.0
7097,2382,15,4,82.54,0.0
7098,2382,95,4,135.85,10.0
7099,2382,57,1,205.57,10.0
7100,2382,7,4,189.9,20.0
7101,2383,38,2,122.19,0.0
7102,2383,49,3,51.93,0.0
7103,2383,78,4,244.02,0.0
7104,2383,14,3,132.45,15.0
7105,2383,87,4,36.97,20.0
7106,2384,54,2,156.93,0.0
7107,2384,14,4,132.45,0.0
7108,2385,40,1,195.69,0.0
7109,2385,63,4,99.0,0.0
7110,2385,36,2,64.71,0.0
7111,2385,47,1,144.15,5.0
7112,2385,5,4,242.5,0.0
7113,2386,33,4,56.06,0.0
7114,2386,58,3,114.17,0.0
7115,2386,12,1,127.97,0.0
7116,2387,77,3,177.17,5.0
7117,2387,54,3,156.93,0.0
7118,2388,6,4,198.49,0.0
7119,2388,33,2,56.06,10.0
7120,2388,77,2,177.17,0.0
7121,2388,65,4,128.61,15.0
7122,2388,63,2,99.0,0.0
7123,2389,85,3,22.63,10.0
7124,2389,87,-3,36.97,0.0
7125,2389,16,-1,47.12,0.0
7126,2390,26,1,138.84,0.0
7127,2390,19,3,232.32,15.0
7128,2390,56,3,16.47,0.0
7129,2390,93,1,161.42,0.0
7130,2390,20,3,234.75,0.0
7131,2391,48,4,126.95,15.0
7132,2392,23,4,165.25,0.0
7133,2392,90,4,124.02,0.0
7134,2392,2,3,110.24,0.0
7135,2392,57,2,205.57,0.0
7136,2392,21,2,68.66,0.0
7137,2393,21,4,68.66,0.0
7138,2393,58,4,114.17,15.0
7139,2393,32,4,130.85,0.0
7140,2393,20,4,234.75,10.0
7141,2394,50,4,249.28,5.0
7142,2394,69,2,89.92,20.0
7143,2394,58,3,114.17,0.0
7144,2395,21,3,68.66,5.0
7145,2395,94,1,115.85,15.0
7146,2395,52,3,107.61,0.0
7147,2395,53,4,8.98,10.0
7148,2396,51,1,109.23,15.0
7149,2397,32,2,130.85,0.0
7150,2397,39,2,150.02,0.0
7151,2397,6,1,198.49,0.0
7152,2398,70,2,71.14,0.0
7153,2398,2,1,110.24,10.0
7154,2398,21,2,68.66,0.0
7155,2399,73,1,97.41,0.0
7156,2399,62,2,155.64,0.0
7157,2400,2,2,110.24,5.0
7158,2400,65,3,128.61,0.0
7159,2400,54,4,156.93,0.0
7160,2400,24,2,140.86,0.0
7161,2401,17,2,209.57,10.0
7162,2401,19,4,232.32,20.0
7163,2401,44,1,83.73,15.0
7164,2401,14,2,132.45,0.0
7165,2401,82,4,233.51,0.0
7166,2402,79,1,81.42,0.0
7167,2402,75,1,227.7,0.0
7168,2402,64,4,7.71,0.0
7169,2402,84,2,143.06,10.0
7170,2403,28,2,83.19,0.0
7171,2403,54,1,156.93,0.0
7172,2403,71,2,249.99,0.0
7173,2403,12,2,127.97,0.0
7174,2403,51,4,109.23,0.0
7175,2404,78,2,244.02,0.0
7176,2405,62,1,155.64,0.0
7177,2406,80,2,210.36,0.0
7178,2406,67,2,231.81,0.0
7179,2406,92,1,80.29,10.0
7180,2406,69,2,89.92,0.0
7181,2407,33,3,56.06,0.0
7182,2407,5,2,242.5,0.0
7183,2407,15,3,82.54,0.0
7184,2408,40,4,195.69,0.0
7185,2408,47,1,144.15,0.0
7186,2408,77,2,177.17,5.0
7187,2408,35,3,26.29,5.0
7188,2409,45,3,242.85,0.0
7189,2409,47,3,144.15,10.0
7190,2409,82,3,233.51,0.0
7191,2409,84,4,143.06,0.0
7192,2410,7,2,189.9,0.0
7193,2410,94,1,115.85,5.0
7194,2410,25,3,169.6,20.0
7195,2410,15,1,82.54,0.0
7196,2410,57,2,205.57,0.0
7197,2411,15,1,82.54,0.0
7198,2412,42,1,164.24,10.0
7199,2412,24,4,140.86,0.0
7200,2413,36,2,64.71,0.0
7201,2413,17,4,209.57,0.0
7202,2413,50,1,249.28,15.0
7203,2413,52,2,107.61,0.0
7204,2414,78,3,244.02,0.0
7205,2415,47,1,144.15,0.0
7206,2415,4,3,193.39,0.0
7207,2415,71,4,249.99,5.0
7208,2415,10,2,118.69,0.0
7209,2415,77,2,177.17,10.0
7210,2416,31,1,101.08,0.0
7211,2416,47,1,144.15,0.0
7212,2416,24,2,140.86,10.0
7213,2416,34,4,230.02,0.0
7214,2417,22,3,240.26,0.0
7215,2418,86,3,118.78,0.0
7216,2419,17,4,209.57,10.0
7217,2419,92,4,80.29,0.0
7218,2420,67,1,231.81,0.0
7219,2420,80,2,210.36,0.0
7220,2420,91,1,103.0,0.0
7221,2420,68,1,85.39,0.0
7222,2421,90,3,124.02,20.0
7223,2421,65,-4,128.61,15.0
7224,2421,40,2,195.69,15.0
7225,2422,52,3,107.61,0.0
7226,2422,77,3,177.17,0.0
7227,2422,42,1,164.24,0.0
7228,2422,40,1,195.69,10.0
7229,2423,14,1,132.45,0.0
7230,2423,27,2,112.42,0.0
7231,2423,84,2,143.06,10.0
7232,2423,5,1,242.5,0.0
7233,2424,55,1,172.28,0.0
7234,2424,34,1,230.02,0.0
7235,2424,2,3,110.24,0.0
7236,2425,20,-3,234.75,5.0
7237,2425,38,2,122.19,0.0
7238,2425,10,1,118.69,0.0
7239,2425,16,4,47.12,0.0
7240,2425,54,4,156.93,0.0
7241,2426,38,4,122.19,15.0
7242,2426,17,3,209.57,0.0
7243,2426,10,2,118.69,0.0
7244,2426,11,3,41.29,0.0
7245,2427,41,3,105.88,0.0
7246,2427,19,3,232.32,0.0
7247,2427,9,2,137.06,0.0
7248,2427,64,4,7.71,5.0
7249,2428,42,3,164.24,0.0
7250,2429,83,1,48.63,0.0
7251,2429,55,4,172.28,10.0
7252,2429,31,1,101.08,0.0
7253,2430,15,2,82.54,0.0
7254,2431,40,2,195.69,0.0
7255,2431,64,4,7.71,0.0
7256,2431,31,4,101.08,0.0
7257,2431,35,4,26.29,0.0
7258,2432,41,2,105.88,0.0
7259,2432,7,1,189.9,15.0
7260,2432,33,1,56.06,0.0
7261,2432,1,4,52.08,0.0
7262,2433,22,3,240.26,0.0
7263,2433,73,-3,97.41,0.0
7264,2433,3,2,5.21,0.0
7265,2434,51,2,109.23,5.0
7266,2435,77,3,177.17,10.0
7267,2436,83,1,48.63,5.0
7268,2436,79,1,81.42,0.0
7269,2436,4,1,193.39,0.0
7270,2436,66,2,150.49,0.0
7271,2436,69,-2,89.92,20.0
7272,2437,1,2,52.08,0.0
7273,2437,89,3,190.17,15.0
7274,2437,91,4,103.0,0.0
7275,2438,36,4,64.71,0.0
7276,2438,23,4,165.25,0.0
7277,2439,24,3,140.86,0.0
7278,2439,13,-3,156.19,0.0
7279,2439,87,2,36.97,0.0
7280,2440,37,3,143.56,20.0
7281,2440,19,2,232.32,0.0
7282,2440,44,3,83.73,0.0
7283,2440,7,1,189.9,10.0
7284,2440,85,3,22.63,0.0
7285,2441,51,2,109.23,0.0
7286,2441,38,4,122.19,0.0
7287,2442,55,1,172.28,0.0
7288,2443,31,2,101.08,0.0
7289,2444,34,3,230.02,20.0
7290,2444,52,3,107.61,5.0
7291,2445,30,1,231.76,0.0
7292,2445,22,2,240.26,0.0
7293,2446,27,2,112.42,0.0
7294,2446,75,3,227.7,0.0
7295,2446,14,4,132.45,20.0
7296,2447,55,2,172.28,0.0
7297,2448,9,2,137.06,0.0
7298,2448,48,4,126.95,10.0
7299,2448,14,3,132.45,0.0
7300,2448,80,2,210.36,0.0
7301,2449,70,-1,71.14,0.0
7302,2449,16,1,47.12,0.0
7303,2450,57,4,205.57,10.0
7304,2451,67,1,231.81,0.0
7305,2451,17,1,209.57,0.0
7306,2451,27,2,112.42,0.0
7307,2451,34,2,230.02,0.0
7308,2451,71,3,249.99,0.0
7309,2452,71,3,249.99,0.0
7310,2452,22,1,240.26,20.0
7311,2452,44,4,83.73,5.0
7312,2452,66,1,150.49,0.0
7313,2452,63,2,99.0,0.0
7314,2453,88,4,6.71,0.0
7315,2453,64,2,7.71,0.0
7316,2453,8,1,91.47,5.0
7317,2453,83,1,48.63,20.0
7318,2454,63,1,99.0,10.0
7319,2454,27,3,112.42,0.0
7320,2455,28,4,83.19,0.0
7321,2456,7,3,189.9,20.0
7322,2456,2,3,110.24,0.0
7323,2457,58,2,114.17,0.0
7324,2457,89,3,190.17,15.0
7325,2457,39,2,150.02,0.0
7326,2458,85,2,22.63,0.0
7327,2458,78,4,244.02,0.0
7328,2458,4,1,193.39,0.0
7329,2458,43,4,16.37,20.0
7330,2458,92,1,80.29,0.0
7331,2459,90,1,124.02,0.0
7332,2459,42,4,164.24,0.0
7333,2459,2,3,110.24,0.0
7334,2460,94,-4,115.85,20.0
7335,2461,48,3,126.95,0.0
7336,2462,83,2,48.63,0.0
7337,2462,64,1,7.71,0.0
7338,2462,41,3,105.88,10.0
7339,2462,77,1,177.17,0.0
7340,2463,3,3,5.21,0.0
7341,2463,74,-3,59.17,0.0
7342,2463,10,1,118.69,0.0
7343,2463,33,3,56.06,0.0
7344,2464,38,4,122.19,0.0
7345,2464,94,3,115.85,0.0
7346,2465,55,4,172.28,0.0
7347,2465,18,2,57.52,0.0
7348,2465,41,4,105.88,0.0
7349,2465,57,1,205.57,0.0
7350,2466,88,3,6.71,0.0
7351,2466,85,1,22.63,0.0
7352,2467,3,4,5.21,0.0
7353,2467,57,4,205.57,0.0
7354,2467,10,4,118.69,15.0
7355,2468,89,2,190.17,0.0
7356,2469,21,3,68.66,0.0
7357,2470,49,3,51.93,0.0
7358,2470,76,2,146.51,0.0
7359,2470,54,3,156.93,0.0
7360,2471,57,2,205.57,0.0
7361,2471,81,3,243.31,5.0
7362,2472,12,3,127.97,0.0
7363,2472,92,1,80.29,0.0
7364,2472,35,3,26.29,0.0
7365,2472,39,3,150.02,10.0
7366,2472,68,2,85.39,10.0
7367,2473,72,2,58.72,0.0
7368,2473,3,4,5.21,0.0
7369,2473,83,4,48.63,0.0
7370,2473,62,1,155.64,0.0
7371,2474,16,4,47.12,0.0
7372,2474,55,4,172.28,10.0
7373,2474,17,4,209.57,0.0
7374,2474,69,4,89.92,5.0
7375,2475,49,2,51.93,0.0
7376,2475,33,2,56.06,0.0
7377,2476,58,1,114.17,0.0
7378,2476,41,4,105.88,5.0
7379,2476,74,2,59.17,5.0
7380,2476,15,4,82.54,0.0
7381,2477,35,1,26.29,0.0
7382,2478,47,3,144.15,20.0
7383,2479,69,4,89.92,20.0
7384,2479,42,2,164.24,0.0
7385,2479,59,3,137.97,15.0
7386,2479,17,3,209.57,0.0
7387,2479,48,3,126.95,5.0
7388,2480,89,1,190.17,5.0
7389,2480,35,3,26.29,0.0
7390,2480,24,3,140.86,20.0
7391,2481,68,2,85.39,0.0
7392,2481,81,3,243.31,0.0
7393,2482,95,4,135.85,10.0
7394,2482,83,1,48.63,0.0
7395,2483,56,2,16.47,0.0
7396,2483,88,3,6.71,0.0
7397,2483,40,3,195.69,0.0
7398,2483,34,4,230.02,0.0
7399,2484,60,2,174.68,0.0
7400,2484,88,1,6.71,0.0
7401,2484,68,3,85.39,0.0
7402,2484,33,1,56.06,0.0
7403,2485,88,4,6.71,0.0
7404,2486,45,4,242.85,0.0
7405,2487,7,1,189.9,0.0
7406,2487,62,1,155.64,0.0
7407,2488,39,2,150.02,5.0
7408,2488,30,3,231.76,0.0
7409,2488,23,1,165.25,0.0
7410,2488,56,1,16.47,0.0
7411,2489,83,2,48.63,0.0
7412,2490,70,2,71.14,0.0
7413,2491,11,2,41.29,0.0
7414,2492,56,3,16.47,0.0
7415,2492,88,3,6.71,10.0
7416,2492,83,2,48.63,5.0
7417,2492,75,3,227.7,10.0
7418,2493,61,4,13.74,0.0
7419,2493,93,3,161.42,0.0
7420,2494,88,4,6.71,0.0
7421,2494,11,1,41.29,0.0
7422,2495,55,2,172.28,0.0
7423,2495,57,3,205.57,0.0
7424,2496,92,2,80.29,10.0
7425,2496,60,3,174.68,0.0
7426,2496,91,2,103.0,20.0
7427,2496,63,-4,99.0,0.0
7428,2496,76,3,146.51,0.0
7429,2497,77,4,177.17,0.0
7430,2497,49,3,51.93,0.0
7431,2498,19,1,232.32,0.0
7432,2499,9,2,137.06,20.0
7433,2499,18,2,57.52,0.0
7434,2499,77,-1,177.17,0.0
7435,2499,36,3,64.71,0.0
7436,2499,32,2,130.85,15.0
7437,2500,51,1,109.23,10.0
7438,2500,57,4,205.57,0.0
7439,2500,29,1,182.29,5.0
7440,2501,12,3,127.97,0.0
7441,2501,58,4,114.17,0.0
7442,2502,31,4,101.08,0.0
7443,2502,77,1,177.17,10.0
7444,2503,10,2,118.69,15.0
7445,2503,71,2,249.99,15.0
7446,2504,49,4,51.93,15.0
7447,2504,43,1,16.37,0.0
7448,2504,35,3,26.29,10.0
7449,2504,89,3,190.17,0.0
7450,2504,76,1,146.51,10.0
7451,2505,39,3,150.02,0.0
7452,2506,81,4,243.31,0.0
7453,2506,53,2,8.98,5.0
7454,2506,8,3,91.47,5.0
7455,2506,20,4,234.75,20.0
7456,2506,62,4,155.64,0.0
7457,2507,61,3,13.74,0.0
7458,2507,45,3,242.85,0.0
7459,2507,2,3,110.24,5.0
7460,2508,44,2,83.73,0.0
7461,2508,34,4,230.02,0.0
7462,2508,14,1,132.45,0.0
7463,2508,95,1,135.85,0.0
7464,2509,46,2,109.69,0.0
7465,2509,63,4,99.0,10.0
7466,2509,6,3,198.49,10.0
7467,2510,18,2,57.52,0.0
7468,2510,80,1,210.36,0.0
7469,2510,34,3,230.02,0.0
7470,2511,53,3,8.98,10.0
7471,2511,66,4,150.49,0.0
7472,2512,15,4,82.54,0.0
7473,2512,38,1,122.19,0.0
7474,2512,20,1,234.75,0.0
7475,2512,1,1,52.08,15.0
7476,2512,57,2,205.57,0.0
7477,2513,51,1,109.23,0.0
7478,2513,53,1,8.98,10.0
7479,2513,95,1,135.85,0.0
7480,2513,14,1,132.45,5.0
7481,2514,1,2,52.08,0.0
7482,2514,58,3,114.17,0.0
7483,2514,61,4,13.74,0.0
7484,2514,71,4,249.99,15.0
7485,2514,33,4,56.06,5.0
7486,2515,93,3,161.42,0.0
7487,2515,21,1,68.66,0.0
7488,2515,23,1,165.25,20.0
7489,2515,71,2,249.99,0.0
7490,2515,30,2,231.76,0.0
7491,2516,55,3,172.28,5.0
7492,2516,60,1,174.68,10.0
7493,2517,35,4,26.29,0.0
7494,2517,37,1,143.56,0.0
7495,2517,89,2,190.17,0.0
7496,2517,60,4,174.68,5.0
7497,2517,81,1,243.31,0.0
7498,2518,20,3,234.75,0.0
7499,2519,92,2,80.29,15.0
7500,2519,31,3,101.08,0.0
7501,2519,59,1,137.97,0.0
7502,2519,8,4,91.47,0.0
7503,2520,45,4,242.85,10.0
7504,2520,70,1,71.14,0.0
7505,2520,51,3,109.23,0.0
7506,2520,25,4,169.6,0.0
7507,2521,42,3,164.24,0.0
7508,2521,36,1,64.71,0.0
7509,2522,84,4,143.06,15.0
7510,2522,72,2,58.72,0.0
7511,2523,56,4,16.47,0.0
7512,2524,4,3,193.39,0.0
7513,2524,1,2,52.08,5.0
7514,2525,90,3,124.02,10.0
7515,2525,81,2,243.31,0.0
7516,2525,64,-1,7.71,0.0
7517,2525,5,1,242.5,15.0
7518,2525,50,-2,249.28,0.0
7519,2526,59,3,137.97,20.0
7520,2526,55,1,172.28,5.0
7521,2527,42,2,164.24,15.0
7522,2527,63,1,99.0,0.0
7523,2527,43,2,16.37,0.0
7524,2527,39,1,150.02,0.0
7525,2527,62,2,155.64,0.0
7526,2528,2,2,110.24,20.0
7527,2528,48,3,126.95,0.0
7528,2529,60,4,174.68,0.0
7529,2529,11,4,41.29,0.0
7530,2529,12,3,127.97,0.0
7531,2530,82,3,233.51,5.0
7532,2530,35,3,26.29,0.0
7533,2530,12,1,127.97,20.0
7534,2530,66,1,150.49,0.0
7535,2530,4,1,193.39,20.0
7536,2531,28,4,83.19,0.0
7537,2531,20,2,234.75,5.0
7538,2532,66,2,150.49,0.0
7539,2532,60,2,174.68,0.0
7540,2533,53,4,8.98,0.0
7541,2533,26,3,138.84,10.0
7542,2533,6,1,198.49,0.0
7543,2534,83,1,48.63,0.0
7544,2534,41,4,105.88,0.0
7545,2535,87,1,36.97,0.0
7546,2535,89,3,190.17,0.0
7547,2535,25,3,169.6,0.0
7548,2536,75,2,227.7,5.0
7549,2536,41,1,105.88,0.0
7550,2536,14,4,132.45,10.0
7551,2536,38,2,122.19,0.0
7552,2536,49,1,51.93,0.0
7553,2537,68,4,85.39,0.0
7554,2537,81,2,243.31,0.0
7555,2537,31,2,101.08,0.0
7556,2537,14,3,132.45,0.0
7557,2537,85,3,22.63,0.0
7558,2538,6,4,198.49,0.0
7559,2538,64,2,7.71,0.0
7560,2538,84,4,143.06,5.0
7561,2538,20,4,234.75,20.0
7562,2539,25,2,169.6,0.0
7563,2539,68,1,85.39,0.0
7564,2539,8,1,91.47,0.0
7565,2539,72,2,58.72,0.0
7566,2540,89,4,190.17,0.0
7567,2540,51,2,109.23,0.0
7568,2540,18,4,57.52,0.0
7569,2540,14,-1,132.45,5.0
7570,2540,1,4,52.08,0.0
7571,2541,94,2,115.85,0.0
7572,2541,21,3,68.66,0.0
7573,2541,48,1,126.95,0.0
7574,2542,13,4,156.19,20.0
7575,2542,86,4,118.78,0.0
7576,2542,79,1,81.42,0.0
7577,2543,70,4,71.14,0.0
7578,2543,45,1,242.85,15.0
7579,2543,93,3,161.42,10.0
7580,2543,34,2,230.02,0.0
7581,2543,33,4,56.06,15.0
7582,2544,50,2,249.28,0.0
7583,2544,8,1,91.47,0.0
7584,2545,39,4,150.02,0.0
7585,2545,8,3,91.47,0.0
7586,2545,41,1,105.88,0.0
7587,2545,82,1,233.51,10.0
7588,2546,57,2,205.57,0.0
7589,2546,14,4,132.45,0.0
7590,2547,31,4,101.08,0.0
7591,2548,50,4,249.28,0.0
7592,2548,18,3,57.52,20.0
7593,2548,35,3,26.29,0.0
7594,2549,46,4,109.69,0.0
7595,2550,36,1,64.71,0.0
7596,2550,92,4,80.29,0.0
7597,2550,52,4,107.61,0.0
7598,2550,33,4,56.06,0.0
7599,2550,2,3,110.24,10.0
7600,2551,34,4,230.02,0.0
7601,2551,43,2,16.37,0.0
7602,2552,61,4,13.74,0.0
7603,2552,79,1,81.42,0.0
7604,2552,35,3,26.29,0.0
7605,2552,6,2,198.49,0.0
7606,2553,79,2,81.42,10.0
7607,2553,18,4,57.52,0.0
7608,2554,24,1,140.86,0.0
7609,2554,73,3,97.41,0.0
7610,2554,53,4,8.98,0.0
7611,2554,56,1,16.47,0.0
7612,2555,21,3,68.66,0.0
7613,2555,53,4,8.98,0.0
7614,2555,19,1,232.32,0.0
7615,2555,62,4,155.64,0.0
7616,2555,30,3,231.76,10.0
7617,2556,5,1,242.5,0.0
7618,2556,73,3,97.41,10.0
7619,2556,11,3,41.29,0.0
7620,2556,1,3,52.08,15.0
7621,2556,7,2,189.9,0.0
7622,2557,94,2,115.85,10.0
7623,2557,39,1,150.02,15.0
7624,2557,84,3,143.06,0.0
7625,2557,89,2,190.17,0.0
7626,2558,64,2,7.71,0.0
7627,2559,58,1,114.17,0.0
7628,2560,86,1,118.78,0.0
7629,2560,33,3,56.06,0.0
7630,2561,33,3,56.06,5.0
7631,2561,32,4,130.85,0.0
7632,2561,40,4,195.69,0.0
7633,2561,74,3,59.17,0.0
7634,2562,11,4,41.29,0.0
7635,2563,69,4,89.92,0.0
7636,2563,93,-2,161.42,5.0
7637,2563,64,3,7.71,0.0
7638,2563,44,2,83.73,0.0
7639,2563,46,1,109.69,15.0
7640,2564,64,-3,7.71,5.0
7641,2564,59,2,137.97,0.0
7642,2564,91,4,103.0,15.0
7643,2564,36,4,64.71,5.0
7644,2564,38,-1,122.19,10.0
7645,2565,93,2,161.42,5.0
7646,2565,36,2,64.71,0.0
7647,2565,80,3,210.36,0.0
7648,2565,62,1,155.64,0.0
7649,2566,38,2,122.19,0.0
7650,2566,23,3,165.25,0.0
7651,2566,79,2,81.42,0.0
7652,2566,66,4,150.49,0.0
7653,2566,22,3,240.26,20.0
7654,2567,10,4,118.69,0.0
7655,2567,1,1,52.08,0.0
7656,2567,44,3,83.73,0.0
7657,2567,83,3,48.63,10.0
7658,2567,47,3,144.15,20.0
7659,2568,92,4,80.29,0.0
7660,2569,43,3,16.37,15.0
7661,2569,79,3,81.42,10.0
7662,2569,84,1,143.06,5.0
7663,2569,38,2,122.19,20.0
7664,2569,31,1,101.08,0.0
7665,2570,40,1,195.69,0.0
7666,2570,82,4,233.51,0.0
7667,2570,20,2,234.75,0.0
7668,2570,13,-4,156.19,0.0
7669,2571,82,4,233.51,15.0
7670,2572,33,2,56.06,0.0
7671,2572,92,3,80.29,0.0
7672,2573,6,2,198.49,0.0
7673,2573,62,4,155.64,0.0
7674,2573,66,3,150.49,0.0
7675,2573,80,2,210.36,0.0
7676,2574,47,1,144.15,10.0
7677,2574,36,2,64.71,20.0
7678,2574,35,3,26.29,0.0
7679,2575,3,3,5.21,0.0
7680,2575,13,3,156.19,0.0
7681,2575,54,3,156.93,0.0
7682,2575,46,4,109.69,20.0
7683,2575,14,3,132.45,0.0
7684,2576,30,3,231.76,10.0
7685,2576,10,3,118.69,10.0
7686,2576,86,1,118.78,0.0
7687,2576,28,4,83.19,5.0
7688,2576,83,4,48.63,0.0
7689,2577,64,4,7.71,0.0
7690,2577,68,3,85.39,10.0
7691,2578,16,3,47.12,0.0
7692,2578,82,1,233.51,10.0
7693,2578,17,4,209.57,0.0
7694,2579,22,4,240.26,0.0
7695,2579,94,2,115.85,5.0
7696,2580,66,-3,150.49,0.0
7697,2580,87,-3,36.97,0.0
7698,2580,79,2,81.42,0.0
7699,2580,61,1,13.74,0.0
7700,2581,84,1,143.06,0.0
7701,2581,78,4,244.02,0.0
7702,2581,35,3,26.29,20.0
7703,2582,71,1,249.99,20.0
7704,2582,36,2,64.71,5.0
7705,2583,68,4,85.39,0.0
7706,2583,43,1,16.37,10.0
7707,2583,1,2,52.08,0.0
7708,2583,83,1,48.63,5.0
7709,2584,3,3,5.21,0.0
7710,2584,62,3,155.64,20.0
7711,2585,2,1,110.24,5.0
7712,2585,12,2,127.97,0.0
7713,2585,93,1,161.42,5.0
7714,2585,43,1,16.37,20.0
7715,2586,60,4,174.68,0.0
7716,2586,48,4,126.95,10.0
7717,2586,54,2,156.93,0.0
7718,2587,56,3,16.47,0.0
7719,2588,90,4,124.02,0.0
7720,2588,24,4,140.86,10.0
7721,2588,16,4,47.12,20.0
7722,2588,40,3,195.69,0.0
7723,2589,22,1,240.26,20.0
7724,2589,70,1,71.14,0.0
7725,2589,77,4,177.17,0.0
7726,2590,62,1,155.64,10.0
7727,2591,29,4,182.29,10.0
7728,2592,16,4,47.12,0.0
7729,2593,87,3,36.97,0.0
7730,2593,26,1,138.84,0.0
7731,2593,14,4,132.45,0.0
7732,2593,77,4,177.17,0.0
7733,2594,29,3,182.29,5.0
7734,2594,3,4,5.21,10.0
7735,2594,66,2,150.49,0.0
7736,2594,86,2,118.78,0.0
7737,2594,63,4,99.0,20.0
7738,2595,65,-2,128.61,5.0
7739,2595,24,1,140.86,0.0
7740,2595,90,-3,124.02,10.0
7741,2596,58,1,114.17,0.0
7742,2596,20,3,234.75,0.0
7743,2596,94,1,115.85,0.0
7744,2596,85,2,22.63,15.0
7745,2597,83,2,48.63,0.0
7746,2598,85,1,22.63,0.0
7747,2598,28,4,83.19,0.0
7748,2599,9,1,137.06,5.0
7749,2599,47,4,144.15,10.0
7750,2599,14,1,132.45,0.0
7751,2599,66,4,150.49,0.0
7752,2599,94,3,115.85,0.0
7753,2600,9,3,137.06,15.0
7754,2600,43,4,16.37,0.0
7755,2600,13,1,156.19,20.0
7756,2600,78,1,244.02,0.0
7757,2600,29,2,182.29,0.0
7758,2601,87,1,36.97,10.0
7759,2601,7,3,189.9,0.0
7760,2601,82,1,233.51,0.0
7761,2601,55,4,172.28,10.0
7762,2602,36,1,64.71,0.0
7763,2602,21,1,68.66,0.0
7764,2602,1,3,52.08,0.0
7765,2602,53,3,8.98,20.0
7766,2602,61,1,13.74,0.0
7767,2603,23,-2,165.25,0.0
7768,2603,37,1,143.56,0.0
7769,2603,1,-4,52.08,0.0
7770,2603,5,-4,242.5,0.0
7771,2604,79,3,81.42,0.0
7772,2605,74,4,59.17,0.0
7773,2605,5,3,242.5,15.0
7774,2605,11,2,41.29,20.0
7775,2605,2,4,110.24,15.0
7776,2605,18,4,57.52,0.0
7777,2606,55,2,172.28,0.0
7778,2606,65,3,128.61,5.0
7779,2607,12,-1,127.97,0.0
7780,2607,31,3,101.08,0.0
7781,2608,47,4,144.15,0.0
7782,2608,48,2,126.95,0.0
7783,2608,32,2,130.85,0.0
7784,2608,21,3,68.66,10.0
7785,2608,27,3,112.42,0.0
7786,2609,95,2,135.85,0.0
7787,2610,1,1,52.08,0.0
7788,2610,63,3,99.0,10.0
7789,2610,26,3,138.84,5.0
7790,2610,29,1,182.29,20.0
7791,2610,48,3,126.95,5.0
7792,2611,67,2,231.81,0.0
7793,2611,49,3,51.93,0.0
7794,2612,81,3,243.31,10.0
7795,2612,82,4,233.51,5.0
7796,2613,18,1,57.52,20.0
7797,2613,87,4,36.97,0.0
7798,2613,54,1,156.93,0.0
7799,2613,19,3,232.32,0.0
7800,2613,26,2,138.84,0.0
7801,2614,57,4,205.57,10.0
7802,2614,62,4,155.64,0.0
7803,2614,44,4,83.73,0.0
7804,2615,4,2,193.39,0.0
7805,2615,89,1,190.17,5.0
7806,2615,43,2,16.37,0.0
7807,2615,32,2,130.85,20.0
7808,2615,65,4,128.61,10.0
7809,2616,50,-1,249.28,0.0
7810,2616,35,-4,26.29,0.0
7811,2616,37,1,143.56,10.0
7812,2616,43,2,16.37,5.0
7813,2617,16,4,47.12,0.0
7814,2617,27,4,112.42,0.0
7815,2617,67,4,231.81,0.0
7816,2617,8,2,91.47,0.0
7817,2618,67,2,231.81,0.0
7818,2618,93,1,161.42,0.0
7819,2619,63,3,99.0,5.0
7820,2619,65,1,128.61,0.0
7821,2620,84,3,143.06,0.0
7822,2620,54,4,156.93,0.0
7823,2620,23,1,165.25,0.0
7824,2621,87,4,36.97,5.0
7825,2621,1,1,52.08,0.0
7826,2621,71,1,249.99,0.0
7827,2621,66,3,150.49,0.0
7828,2621,67,2,231.81,15.0
7829,2622,4,3,193.39,0.0
7830,2622,65,3,128.61,0.0
7831,2622,84,4,143.06,0.0
7832,2622,43,1,16.37,10.0
7833,2622,72,2,58.72,0.0
7834,2623,10,1,118.69,0.0
7835,2623,92,1,80.29,10.0
7836,2624,73,3,97.41,0.0
7837,2624,63,1,99.0,0.0
7838,2624,43,1,16.37,0.0
7839,2624,49,4,51.93,0.0
7840,2625,50,4,249.28,0.0
7841,2625,46,1,109.69,0.0
7842,2626,68,3,85.39,0.0
7843,2626,15,2,82.54,10.0
7844,2626,58,4,114.17,10.0
7845,2626,3,1,5.21,10.0
7846,2627,4,1,193.39,0.0
7847,2627,34,2,230.02,10.0
7848,2628,74,3,59.17,0.0
7849,2629,42,2,164.24,0.0
7850,2629,9,2,137.06,0.0
7851,2630,23,1,165.25,10.0
7852,2631,36,4,64.71,0.0
7853,2632,19,3,232.32,0.0
7854,2632,63,1,99.0,0.0
7855,2632,21,2,68.66,0.0
7856,2632,5,3,242.5,0.0
7857,2633,17,3,209.57,10.0
7858,2633,42,3,164.24,0.0
7859,2633,9,1,137.06,0.0
7860,2633,5,1,242.5,10.0
7861,2634,85,1,22.63,0.0
7862,2634,17,4,209.57,0.0
7863,2635,82,2,233.51,0.0
7864,2636,29,4,182.29,0.0
7865,2637,13,1,156.19,0.0
7866,2637,76,3,146.51,0.0
7867,2637,41,2,105.88,0.0
7868,2637,65,4,128.61,0.0
7869,2637,3,1,5.21,5.0
7870,2638,1,3,52.08,5.0
7871,2638,3,3,5.21,10.0
7872,2638,29,3,182.29,0.0
7873,2639,13,1,156.19,5.0
7874,2640,45,1,242.85,0.0
7875,2640,14,1,132.45,10.0
7876,2640,77,1,177.17,10.0
7877,2640,67,3,231.81,0.0
7878,2641,61,3,13.74,10.0
7879,2641,82,2,233.51,0.0
7880,2641,46,3,109.69,5.0
7881,2641,3,4,5.21,0.0
7882,2642,33,4,56.06,0.0
7883,2643,49,3,51.93,5.0
7884,2643,38,4,122.19,0.0
7885,2643,12,4,127.97,15.0
7886,2643,33,3,56.06,0.0
7887,2644,7,4,189.9,5.0
7888,2644,19,3,232.32,0.0
7889,2644,81,2,243.31,20.0
7890,2644,80,4,210.36,15.0
7891,2644,3,3,5.21,0.0
7892,2645,81,1,243.31,0.0
7893,2645,12,2,127.97,0.0
7894,2645,5,1,242.5,0.0
7895,2645,79,1,81.42,0.0
7896,2646,54,4,156.93,0.0
7897,2646,1,4,52.08,0.0
7898,2647,42,1,164.24,0.0
7899,2647,26,1,138.84,0.0
7900,2647,85,2,22.63,20.0
7901,2648,48,1,126.95,0.0
7902,2648,35,4,26.29,0.0
7903,2648,87,3,36.97,5.0
7904,2648,5,3,242.5,0.0
7905,2649,79,1,81.42,0.0
7906,2649,52,2,107.61,10.0
7907,2650,8,3,91.47,5.0
7908,2650,49,4,51.93,0.0
7909,2651,46,1,109.69,0.0
7910,2651,8,3,91.47,0.0
7911,2651,88,2,6.71,0.0
7912,2652,2,2,110.24,0.0
7913,2653,88,1,6.71,0.0
7914,2653,43,4,16.37,0.0
7915,2653,19,1,232.32,0.0
7916,2654,68,1,85.39,10.0
7917,2654,27,3,112.42,0.0
7918,2655,7,3,189.9,0.0
7919,2655,30,4,231.76,0.0
7920,2656,83,1,48.63,10.0
7921,2656,16,1,47.12,0.0
7922,2656,95,1,135.85,0.0
7923,2656,3,4,5.21,0.0
7924,2656,43,3,16.37,0.0
7925,2657,32,4,130.85,0.0
7926,2657,66,3,150.49,0.0
7927,2657,59,3,137.97,5.0
7928,2658,60,2,174.68,5.0
7929,2658,80,2,210.36,0.0
7930,2658,21,4,68.66,0.0
7931,2658,73,3,97.41,15.0
7932,2658,49,4,51.93,5.0
7933,2659,42,4,164.24,0.0
7934,2660,40,1,195.69,10.0
7935,2660,25,4,169.6,0.0
7936,2661,11,3,41.29,10.0
7937,2661,83,1,48.63,0.0
7938,2661,82,4,233.51,5.0
7939,2661,56,2,16.47,0.0
7940,2661,5,2,242.5,10.0
7941,2662,32,2,130.85,20.0
7942,2662,69,3,89.92,0.0
7943,2662,6,1,198.49,0.0
7944,2662,9,4,137.06,5.0
7945,2663,95,3,135.85,0.0
7946,2664,62,1,155.64,0.0
7947,2664,30,3,231.76,15.0
7948,2664,94,4,115.85,10.0
7949,2664,45,4,242.85,15.0
7950,2664,40,2,195.69,0.0
7951,2665,52,4,107.61,0.0
7952,2665,30,1,231.76,0.0
7953,2666,16,3,47.12,0.0
7954,2667,2,3,110.24,10.0
7955,2667,67,1,231.81,5.0
7956,2667,68,2,85.39,0.0
7957,2667,7,4,189.9,10.0
7958,2668,27,1,112.42,15.0
7959,2668,34,4,230.02,0.0
7960,2668,89,4,190.17,10.0
7961,2668,49,1,51.93,0.0
7962,2669,18,2,57.52,0.0
7963,2669,20,1,234.75,0.0
7964,2669,76,1,146.51,0.0
7965,2669,95,1,135.85,5.0
7966,2670,52,3,107.61,0.0
7967,2671,72,4,58.72,0.0
7968,2671,13,2,156.19,0.0
7969,2671,27,1,112.42,0.0
7970,2671,30,3,231.76,0.0
7971,2672,32,4,130.85,0.0
7972,2672,5,4,242.5,0.0
7973,2672,23,2,165.25,0.0
7974,2672,12,3,127.97,0.0
7975,2672,26,4,138.84,5.0
7976,2673,77,2,177.17,0.0
7977,2673,2,3,110.24,0.0
7978,2673,61,1,13.74,0.0
7979,2674,10,2,118.69,0.0
7980,2674,23,2,165.25,0.0
7981,2674,68,3,85.39,15.0
7982,2674,66,2,150.49,15.0
7983,2674,86,1,118.78,5.0
7984,2675,36,4,64.71,0.0
7985,2676,94,4,115.85,0.0
7986,2676,20,3,234.75,10.0
7987,2676,32,4,130.85,0.0
7988,2676,23,1,165.25,0.0
7989,2676,6,2,198.49,0.0
7990,2677,87,3,36.97,0.0
7991,2678,33,3,56.06,0.0
7992,2679,71,3,249.99,0.0
7993,2679,58,2,114.17,10.0
7994,2679,40,4,195.69,5.0
7995,2680,4,3,193.39,0.0
7996,2680,91,2,103.0,0.0
7997,2680,54,1,156.93,0.0
7998,2680,25,4,169.6,0.0
7999,2681,52,2,107.61,0.0
8000,2681,91,3,103.0,0.0
8001,2681,32,1,130.85,15.0
8002,2681,87,3,36.97,0.0
8003,2682,47,3,144.15,20.0
8004,2682,73,2,97.41,0.0
8005,2682,18,2,57.52,0.0
8006,2682,89,3,190.17,0.0
8007,2682,79,2,81.42,0.0
8008,2683,1,4,52.08,0.0
8009,2683,24,1,140.86,0.0
8010,2683,45,4,242.85,10.0
8011,2684,51,1,109.23,5.0
8012,2685,38,1,122.19,0.0
8013,2685,1,1,52.08,0.0
8014,2685,29,1,182.29,0.0
8015,2685,66,3,150.49,0.0
8016,2685,93,4,161.42,0.0
8017,2686,80,1,210.36,0.0
8018,2686,27,3,112.42,0.0
8019,2687,9,4,137.06,0.0
8020,2688,28,1,83.19,20.0
8021,2688,82,4,233.51,0.0
8022,2688,20,1,234.75,5.0
8023,2688,72,4,58.72,0.0
8024,2689,15,4,82.54,0.0
8025,2689,7,1,189.9,5.0
8026,2689,74,4,59.17,10.0
8027,2690,11,4,41.29,0.0
8028,2690,57,2,205.57,0.0
8029,2691,66,1,150.49,0.0
8030,2692,59,3,137.97,0.0
8031,2692,43,1,16.37,0.0
8032,2692,47,2,144.15,0.0
8033,2693,70,4,71.14,0.0
8034,2693,21,4,68.66,5.0
8035,2693,81,1,243.31,0.0
8036,2693,40,3,195.69,0.0
8037,2693,78,1,244.02,0.0
8038,2694,68,3,85.39,0.0
8039,2694,57,4,205.57,0.0
8040,2694,34,2,230.02,10.0
8041,2695,83,2,48.63,0.0
8042,2695,89,2,190.17,0.0
8043,2695,38,3,122.19,0.0
8044,2695,28,4,83.19,0.0
8045,2695,9,1,137.06,15.0
8046,2696,17,2,209.57,15.0
8047,2696,32,3,130.85,0.0
8048,2696,8,2,91.47,0.0
8049,2696,49,1,51.93,0.0
8050,2697,52,4,107.61,0.0
8051,2697,63,4,99.0,20.0
8052,2698,35,4,26.29,0.0
8053,2698,77,4,177.17,0.0
8054,2699,43,1,16.37,15.0
8055,2699,34,3,230.02,15.0
8056,2699,86,2,118.78,0.0
8057,2700,36,4,64.71,0.0
8058,2700,16,4,47.12,10.0
8059,2700,31,4,101.08,0.0
8060,2700,87,1,36.97,0.0
8061,2700,50,4,249.28,0.0
8062,2701,42,1,164.24,5.0
8063,2701,75,3,227.7,0.0
8064,2702,7,3,189.9,0.0
8065,2702,58,2,114.17,0.0
8066,2702,18,4,57.52,0.0
8067,2702,47,3,144.15,0.0
8068,2703,12,1,127.97,15.0
8069,2703,79,4,81.42,5.0
8070,2703,32,2,130.85,0.0
8071,2704,77,1,177.17,0.0
8072,2704,78,3,244.02,0.0
8073,2704,89,4,190.17,0.0
8074,2704,15,4,82.54,0.0
8075,2704,87,1,36.97,0.0
8076,2705,79,4,81.42,0.0
8077,2705,62,4,155.64,0.0
8078,2705,89,-4,190.17,0.0
8079,2705,39,4,150.02,10.0
8080,2706,27,1,112.42,15.0
8081,2706,69,2,89.92,5.0
8082,2706,16,4,47.12,0.0
8083,2706,31,4,101.08,0.0
8084,2707,58,4,114.17,0.0
8085,2707,4,2,193.39,10.0
8086,2707,41,3,105.88,0.0
8087,2707,29,2,182.29,0.0
8088,2708,10,2,118.69,10.0
8089,2709,87,2,36.97,10.0
8090,2710,82,4,233.51,0.0
8091,2710,46,1,109.69,0.0
8092,2710,52,1,107.61,0.0
8093,2711,35,1,26.29,15.0
8094,2712,55,2,172.28,0.0
8095,2712,67,2,231.81,10.0
8096,2712,54,2,156.93,0.0
8097,2712,12,3,127.97,0.0
8098,2713,42,4,164.24,0.0
8099,2713,58,2,114.17,10.0
8100,2713,51,3,109.23,0.0
8101,2714,40,2,195.69,0.0
8102,2714,9,4,137.06,0.0
8103,2714,82,2,233.51,0.0
8104,2714,84,4,143.06,0.0
8105,2714,63,3,99.0,0.0
8106,2715,95,2,135.85,0.0
8107,2715,53,3,8.98,0.0
8108,2715,59,1,137.97,10.0
8109,2716,87,2,36.97,0.0
8110,2716,27,3,112.42,10.0
8111,2716,43,3,16.37,0.0
8112,2717,64,1,7.71,10.0
8113,2718,95,1,135.85,0.0
8114,2718,33,3,56.06,0.0
8115,2719,86,1,118.78,5.0
8116,2719,34,3,230.02,5.0
8117,2720,79,4,81.42,0.0
8118,2720,3,3,5.21,5.0
8119,2720,85,4,22.63,0.0
8120,2720,81,4,243.31,0.0
8121,2721,49,3,51.93,0.0
8122,2721,40,2,195.69,0.0
8123,2721,30,3,231.76,0.0
8124,2722,74,3,59.17,15.0
8125,2723,88,1,6.71,10.0
8126,2723,25,2,169.6,5.0
8127,2723,75,2,227.7,15.0
8128,2724,91,4,103.0,10.0
8129,2724,45,3,242.85,0.0
8130,2724,93,3,161.42,0.0
8131,2725,77,3,177.17,0.0
8132,2725,32,1,130.85,0.0
8133,2726,71,1,249.99,0.0
8134,2726,57,3,205.57,0.0
8135,2726,68,2,85.39,0.0
8136,2726,24,2,140.86,0.0
8137,2727,88,1,6.71,10.0
8138,2727,67,3,231.81,0.0
8139,2727,38,4,122.19,0.0
8140,2727,52,3,107.61,0.0
8141,2727,82,4,233.51,0.0
8142,2728,58,1,114.17,0.0
8143,2728,46,1,109.69,0.0
8144,2728,67,2,231.81,0.0
8145,2728,43,4,16.37,5.0
8146,2728,7,1,189.9,10.0
8147,2729,69,4,89.92,0.0
8148,2729,33,2,56.06,0.0
8149,2729,62,3,155.64,0.0
8150,2730,74,4,59.17,0.0
8151,2731,8,4,91.47,0.0
8152,2731,26,2,138.84,0.0
8153,2732,56,4,16.47,0.0
8154,2732,11,4,41.29,0.0
8155,2733,57,4,205.57,0.0
8156,2733,44,1,83.73,0.0
8157,2734,10,4,118.69,0.0
8158,2735,6,4,198.49,10.0
8159,2735,8,3,91.47,0.0
8160,2735,64,1,7.71,0.0
8161,2735,38,1,122.19,10.0
8162,2735,9,2,137.06,0.0
8163,2736,39,3,150.02,20.0
8164,2736,49,4,51.93,0.0
8165,2737,83,2,48.63,0.0
8166,2737,31,1,101.08,0.0
8167,2737,63,1,99.0,0.0
8168,2737,59,2,137.97,10.0
8169,2738,93,-4,161.42,0.0
8170,2738,6,-4,198.49,0.0
8171,2738,14,4,132.45,0.0
8172,2738,84,3,143.06,0.0
8173,2738,13,1,156.19,10.0
8174,2739,94,1,115.85,5.0
8175,2739,36,2,64.71,15.0
8176,2739,63,3,99.0,10.0
8177,2739,78,-3,244.02,5.0
8178,2739,11,-1,41.29,10.0
8179,2740,23,1,165.25,0.0
8180,2740,4,4,193.39,0.0
8181,2740,60,3,174.68,0.0
8182,2740,5,2,242.5,10.0
8183,2740,1,4,52.08,10.0
8184,2741,14,4,132.45,10.0
8185,2742,21,2,68.66,0.0
8186,2742,12,1,127.97,0.0
8187,2742,61,1,13.74,5.0
8188,2742,23,3,165.25,0.0
8189,2742,50,1,249.28,0.0
8190,2743,65,3,128.61,5.0
8191,2743,3,2,5.21,0.0
8192,2743,39,3,150.02,0.0
8193,2744,14,1,132.45,0.0
8194,2744,90,1,124.02,20.0
8195,2744,52,4,107.61,20.0
8196,2744,67,4,231.81,20.0
8197,2745,26,1,138.84,0.0
8198,2745,84,1,143.06,15.0
8199,2745,58,4,114.17,0.0
8200,2745,15,4,82.54,0.0
8201,2746,40,2,195.69,0.0
8202,2746,55,3,172.28,20.0
8203,2746,71,3,249.99,0.0
8204,2746,73,4,97.41,0.0
8205,2746,43,4,16.37,0.0
8206,2747,88,-3,6.71,0.0
8207,2747,74,-4,59.17,5.0
8208,2748,79,3,81.42,5.0
8209,2749,80,4,210.36,5.0
8210,2750,63,4,99.0,0.0
8211,2750,20,1,234.75,0.0
8212,2750,44,3,83.73,0.0
8213,2750,92,2,80.29,0.0
8214,2751,56,2,16.47,0.0
8215,2752,4,1,193.39,0.0
8216,2752,74,1,59.17,0.0
8217,2753,32,1,130.85,0.0
8218,2753,42,4,164.24,0.0
8219,2753,56,2,16.47,0.0
8220,2753,68,2,85.39,0.0
8221,2754,13,4,156.19,0.0
8222,2754,69,-4,89.92,0.0
8223,2755,62,2,155.64,0.0
8224,2755,4,3,193.39,0.0
8225,2755,78,2,244.02,0.0
8226,2755,93,1,161.42,0.0
8227,2755,82,3,233.51,0.0
8228,2756,14,3,132.45,0.0
8229,2756,24,2,140.86,0.0
8230,2757,33,1,56.06,0.0
8231,2758,39,4,150.02,0.0
8232,2758,52,3,107.61,15.0
8233,2759,10,2,118.69,0.0
8234,2759,60,2,174.68,0.0
8235,2759,14,3,132.45,0.0
8236,2760,46,-4,109.69,0.0
8237,2761,59,2,137.97,0.0
8238,2761,67,4,231.81,0.0
8239,2761,39,4,150.02,0.0
8240,2761,15,2,82.54,0.0
8241,2761,29,3,182.29,0.0
8242,2762,16,3,47.12,10.0
8243,2762,50,3,249.28,0.0
8244,2762,2,4,110.24,5.0
8245,2762,85,3,22.63,0.0
8246,2762,25,1,169.6,10.0
8247,2763,84,-1,143.06,5.0
8248,2764,65,-3,128.61,20.0
8249,2764,84,1,143.06,0.0
8250,2764,31,-4,101.08,10.0
8251,2764,41,4,105.88,15.0
8252,2764,67,4,231.81,20.0
8253,2765,35,3,26.29,0.0
8254,2765,63,1,99.0,0.0
8255,2765,73,1,97.41,5.0
8256,2766,52,3,107.61,0.0
8257,2767,32,2,130.85,10.0
8258,2767,60,3,174.68,0.0
8259,2767,54,2,156.93,0.0
8260,2767,33,2,56.06,0.0
8261,2767,42,4,164.24,0.0
8262,2768,75,1,227.7,10.0
8263,2768,70,1,71.14,0.0
8264,2768,4,2,193.39,0.0
8265,2769,68,2,85.39,5.0
8266,2769,95,2,135.85,0.0
8267,2769,62,2,155.64,0.0
8268,2769,81,1,243.31,0.0
8269,2770,27,4,112.42,0.0
8270,2770,91,4,103.0,0.0
8271,2771,72,2,58.72,0.0
8272,2771,8,2,91.47,0.0
8273,2771,58,2,114.17,10.0
8274,2771,1,3,52.08,10.0
8275,2771,87,2,36.97,0.0
8276,2772,22,4,240.26,0.0
8277,2772,91,3,103.0,0.0
8278,2772,50,3,249.28,0.0
8279,2772,26,1,138.84,0.0
8280,2772,72,2,58.72,15.0
8281,2773,20,3,234.75,0.0
8282,2773,66,2,150.49,0.0
8283,2773,84,1,143.06,10.0
8284,2773,29,1,182.29,0.0
8285,2774,3,2,5.21,0.0
8286,2774,90,1,124.02,0.0
8287,2775,9,3,137.06,0.0
8288,2775,55,-1,172.28,0.0
8289,2775,60,-1,174.68,10.0
8290,2776,61,2,13.74,0.0
8291,2777,76,1,146.51,0.0
8292,2777,33,2,56.06,0.0
8293,2777,6,4,198.49,0.0
8294,2778,82,1,233.51,0.0
8295,2778,85,4,22.63,0.0
8296,2778,3,2,5.21,20.0
8297,2778,46,3,109.69,0.0
8298,2778,59,2,137.97,0.0
8299,2779,4,4,193.39,10.0
8300,2779,90,1,124.02,0.0
8301,2779,89,3,190.17,0.0
8302,2779,71,1,249.99,0.0
8303,2779,35,2,26.29,0.0
8304,2780,62,-1,155.64,15.0
8305,2780,87,1,36.97,0.0
8306,2780,5,4,242.5,0.0
8307,2781,21,4,68.66,0.0
8308,2781,37,4,143.56,0.0
8309,2781,69,1,89.92,15.0
8310,2781,62,2,155.64,0.0
8311,2782,87,1,36.97,0.0
8312,2783,65,1,128.61,10.0
8313,2784,41,4,105.88,0.0
8314,2785,45,3,242.85,0.0
8315,2785,58,3,114.17,0.0
8316,2785,47,3,144.15,15.0
8317,2785,94,3,115.85,0.0
8318,2786,85,3,22.63,10.0
8319,2786,52,4,107.61,0.0
8320,2787,52,3,107.61,10.0
8321,2787,83,2,48.63,0.0
8322,2787,34,3,230.02,0.0
8323,2788,1,3,52.08,0.0
8324,2788,37,-4,143.56,0.0
8325,2788,16,1,47.12,15.0
8326,2788,89,1,190.17,0.0
8327,2789,47,3,144.15,0.0
8328,2789,84,1,143.06,0.0
8329,2789,79,-2,81.42,0.0
8330,2789,45,4,242.85,10.0
8331,2790,90,4,124.02,0.0
8332,2790,59,3,137.97,0.0
8333,2790,38,1,122.19,10.0
8334,2790,25,3,169.6,0.0
8335,2791,35,3,26.29,5.0
8336,2791,61,4,13.74,0.0
8337,2791,33,2,56.06,5.0
8338,2791,78,4,244.02,0.0
8339,2791,27,1,112.42,5.0
8340,2792,68,3,85.39,0.0
8341,2792,87,4,36.97,0.0
8342,2792,8,2,91.47,5.0
8343,2793,25,2,169.6,0.0
8344,2793,85,3,22.63,0.0
8345,2793,9,-1,137.06,0.0
8346,2794,55,1,172.28,0.0
8347,2794,74,4,59.17,0.0
8348,2794,42,2,164.24,0.0
8349,2794,48,2,126.95,0.0
8350,2795,75,2,227.7,5.0
8351,2795,40,3,195.69,0.0
8352,2795,14,2,132.45,0.0
8353,2796,45,1,242.85,15.0
8354,2796,41,4,105.88,20.0
8355,2796,64,4,7.71,0.0
8356,2797,53,1,8.98,0.0
8357,2797,26,1,138.84,0.0
8358,2797,18,1,57.52,0.0
8359,2797,64,1,7.71,0.0
8360,2797,90,4,124.02,0.0
8361,2798,36,4,64.71,0.0
8362,2798,88,4,6.71,20.0
8363,2799,91,4,103.0,0.0
8364,2800,13,1,156.19,0.0
8365,2800,47,2,144.15,15.0
8366,2801,47,3,144.15,0.0
8367,2801,6,2,198.49,0.0
8368,2801,34,2,230.02,10.0
8369,2801,94,2,115.85,0.0
8370,2801,85,4,22.63,0.0
8371,2802,6,1,198.49,20.0
8372,2802,52,2,107.61,0.0
8373,2803,47,3,144.15,0.0
8374,2803,82,4,233.51,0.0
8375,2803,22,3,240.26,0.0
8376,2803,26,2,138.84,0.0
8377,2804,72,2,58.72,0.0
8378,2804,9,4,137.06,0.0
8379,2804,68,4,85.39,0.0
8380,2804,20,1,234.75,0.0
8381,2804,34,3,230.02,5.0
8382,2805,80,4,210.36,0.0
8383,2805,95,3,135.85,0.0
8384,2805,17,3,209.57,0.0
8385,2805,52,3,107.61,0.0
8386,2806,42,1,164.24,0.0
8387,2806,67,3,231.81,0.0
8388,2806,77,4,177.17,10.0
8389,2807,38,-1,122.19,0.0
8390,2807,24,-4,140.86,0.0
8391,2808,95,2,135.85,0.0
8392,2809,92,2,80.29,0.0
8393,2809,19,1,232.32,0.0
8394,2809,7,2,189.9,0.0
8395,2810,82,-3,233.51,0.0
8396,2810,37,-2,143.56,0.0
8397,2811,4,-1,193.39,0.0
8398,2812,8,4,91.47,5.0
8399,2812,83,2,48.63,5.0
8400,2812,76,3,146.51,0.0
8401,2813,53,4,8.98,0.0
8402,2813,95,4,135.85,0.0
8403,2813,63,3,99.0,0.0
8404,2814,6,2,198.49,10.0
8405,2814,77,2,177.17,0.0
8406,2814,7,2,189.9,0.0
8407,2814,51,2,109.23,15.0
8408,2815,26,2,138.84,0.0
8409,2815,55,4,172.28,5.0
8410,2815,24,4,140.86,0.0
8411,2815,76,2,146.51,0.0
8412,2816,77,2,177.17,0.0
8413,2816,21,2,68.66,15.0
8414,2817,23,2,165.25,0.0
8415,2817,93,1,161.42,0.0
8416,2817,21,4,68.66,0.0
8417,2818,39,3,150.02,0.0
8418,2818,10,2,118.69,0.0
8419,2818,22,2,240.26,0.0
8420,2819,29,3,182.29,0.0
8421,2819,74,4,59.17,15.0
8422,2819,91,2,103.0,0.0
8423,2819,30,4,231.76,0.0
8424,2819,90,3,124.02,15.0
8425,2820,66,1,150.49,5.0
8426,2820,83,1,48.63,0.0
8427,2820,75,1,227.7,0.0
8428,2820,47,3,144.15,0.0
8429,2821,45,2,242.85,0.0
8430,2821,62,2,155.64,0.0
8431,2822,78,4,244.02,0.0
8432,2822,39,3,150.02,0.0
8433,2822,65,1,128.61,0.0
8434,2822,51,2,109.23,5.0
8435,2823,18,2,57.52,0.0
8436,2823,86,2,118.78,0.0
8437,2823,59,3,137.97,10.0
8438,2823,85,3,22.63,10.0
8439,2823,1,1,52.08,5.0
8440,2824,10,4,118.69,0.0
8441,2824,19,1,232.32,5.0
8442,2824,55,3,172.28,15.0
8443,2825,26,3,138.84,0.0
8444,2825,55,3,172.28,10.0
8445,2826,35,-2,26.29,0.0
8446,2826,93,-1,161.42,0.0
8447,2826,94,1,115.85,15.0
8448,2827,16,1,47.12,0.0
8449,2827,6,4,198.49,0.0
8450,2828,21,2,68.66,5.0
8451,2828,47,3,144.15,0.0
8452,2829,38,4,122.19,0.0
8453,2829,37,2,143.56,0.0
8454,2829,21,1,68.66,0.0
8455,2829,65,1,128.61,5.0
8456,2830,68,4,85.39,0.0
8457,2830,2,3,110.24,15.0
8458,2830,48,1,126.95,0.0
8459,2831,36,3,64.71,0.0
8460,2832,89,3,190.17,15.0
8461,2832,10,2,118.69,20.0
8462,2833,8,2,91.47,0.0
8463,2833,34,4,230.02,0.0
8464,2833,11,3,41.29,0.0
8465,2834,12,4,127.97,0.0
8466,2834,47,1,144.15,0.0
8467,2835,15,2,82.54,0.0
8468,2835,34,1,230.02,0.0
8469,2835,67,1,231.81,0.0
8470,2836,88,-2,6.71,5.0
8471,2837,11,4,41.29,0.0
8472,2838,34,1,230.02,0.0
8473,2838,15,4,82.54,20.0
8474,2839,28,1,83.19,0.0
8475,2839,16,4,47.12,10.0
8476,2839,90,2,124.02,0.0
8477,2840,42,3,164.24,15.0
8478,2840,93,4,161.42,5.0
8479,2840,23,1,165.25,5.0
8480,2841,53,1,8.98,0.0
8481,2841,5,2,242.5,5.0
8482,2842,79,4,81.42,15.0
8483,2842,88,1,6.71,20.0
8484,2842,65,2,128.61,0.0
8485,2842,15,2,82.54,0.0
8486,2842,22,4,240.26,10.0
8487,2843,80,3,210.36,0.0
8488,2843,20,3,234.75,5.0
8489,2843,46,1,109.69,0.0
8490,2844,91,4,103.0,0.0
8491,2844,56,-1,16.47,0.0
8492,2844,81,2,243.31,5.0
8493,2844,77,-4,177.17,0.0
8494,2844,51,1,109.23,0.0
8495,2845,59,4,137.97,0.0
8496,2845,65,2,128.61,0.0
8497,2845,9,1,137.06,0.0
8498,2845,2,2,110.24,0.0
8499,2846,59,1,137.97,0.0
8500,2846,74,4,59.17,10.0
8501,2846,23,4,165.25,0.0
8502,2847,49,4,51.93,0.0
8503,2847,83,4,48.63,20.0
8504,2848,87,2,36.97,0.0
8505,2849,53,-4,8.98,10.0
8506,2849,3,2,5.21,0.0
8507,2850,55,3,172.28,0.0
8508,2850,2,1,110.24,0.0
8509,2850,92,3,80.29,10.0
8510,2850,44,1,83.73,0.0
8511,2851,24,1,140.86,0.0
8512,2851,47,3,144.15,10.0
8513,2851,7,3,189.9,0.0
8514,2851,89,1,190.17,0.0
8515,2851,91,3,103.0,5.0
8516,2852,48,1,126.95,0.0
8517,2853,16,3,47.12,0.0
8518,2853,81,2,243.31,0.0
8519,2853,65,3,128.61,0.0
8520,2853,15,2,82.54,0.0
8521,2853,95,1,135.85,0.0
8522,2854,57,1,205.57,0.0
8523,2854,43,4,16.37,0.0
8524,2854,48,2,126.95,5.0
8525,2854,3,1,5.21,0.0
8526,2855,7,2,189.9,0.0
8527,2855,92,2,80.29,0.0
8528,2855,69,4,89.92,0.0
8529,2856,10,3,118.69,0.0
8530,2856,41,4,105.88,0.0
8531,2856,32,2,130.85,0.0
8532,2857,92,1,80.29,0.0
8533,2858,82,1,233.51,0.0
8534,2858,19,2,232.32,0.0
8535,2859,74,4,59.17,0.0
8536,2860,11,4,41.29,0.0
8537,2860,73,3,97.41,10.0
8538,2860,3,1,5.21,0.0
8539,2860,64,3,7.71,5.0
8540,2861,89,4,190.17,0.0
8541,2861,22,4,240.26,0.0
8542,2862,93,1,161.42,5.0
8543,2862,49,2,51.93,0.0
8544,2863,91,3,103.0,0.0
8545,2864,86,4,118.78,20.0
8546,2864,75,3,227.7,0.0
8547,2865,72,1,58.72,5.0
8548,2865,57,3,205.57,0.0
8549,2865,53,2,8.98,5.0
8550,2866,80,1,210.36,0.0
8551,2867,28,2,83.19,0.0
8552,2867,14,2,132.45,5.0
8553,2867,68,1,85.39,0.0
8554,2867,92,3,80.29,15.0
8555,2868,38,1,122.19,0.0
8556,2868,52,2,107.61,0.0
8557,2869,6,4,198.49,10.0
8558,2869,12,4,127.97,0.0
8559,2869,3,2,5.21,5.0
8560,2869,49,2,51.93,5.0
8561,2870,43,3,16.37,5.0
8562,2870,33,3,56.06,0.0
8563,2870,90,2,124.02,10.0
8564,2870,82,4,233.51,0.0
8565,2870,6,2,198.49,5.0
8566,2871,38,4,122.19,20.0
8567,2871,78,2,244.02,0.0
8568,2871,68,4,85.39,5.0
8569,2872,45,-2,242.85,0.0
8570,2873,67,3,231.81,0.0
8571,2873,55,2,172.28,15.0
8572,2873,3,2,5.21,15.0
8573,2873,10,3,118.69,10.0
8574,2874,45,2,242.85,0.0
8575,2874,35,4,26.29,0.0
8576,2874,12,1,127.97,0.0
8577,2875,40,1,195.69,10.0
8578,2875,29,3,182.29,10.0
8579,2875,68,1,85.39,0.0
8580,2875,18,1,57.52,0.0
8581,2876,42,2,164.24,20.0
8582,2877,51,2,109.23,0.0
8583,2877,58,4,114.17,0.0
8584,2878,56,2,16.47,0.0
8585,2879,89,2,190.17,0.0
8586,2879,21,3,68.66,0.0
8587,2879,90,2,124.02,0.0
8588,2879,34,3,230.02,5.0
8589,2879,84,4,143.06,0.0
8590,2880,86,4,118.78,0.0
8591,2880,33,1,56.06,0.0
8592,2880,12,2,127.97,0.0
8593,2880,77,2,177.17,15.0
8594,2881,32,4,130.85,0.0
8595,2881,81,-2,243.31,15.0
8596,2881,72,4,58.72,0.0
8597,2881,61,1,13.74,0.0
8598,2881,62,1,155.64,0.0
8599,2882,24,4,140.86,0.0
8600,2882,73,4,97.41,0.0
8601,2882,29,3,182.29,5.0
8602,2883,75,2,227.7,0.0
8603,2883,82,3,233.51,0.0
8604,2883,66,3,150.49,0.0
8605,2884,34,3,230.02,0.0
8606,2884,57,4,205.57,0.0
8607,2884,5,2,242.5,0.0
8608,2884,43,1,16.37,0.0
8609,2884,33,4,56.06,0.0
8610,2885,43,1,16.37,10.0
8611,2885,93,3,161.42,5.0
8612,2885,19,2,232.32,0.0
8613,2885,67,3,231.81,0.0
8614,2885,58,2,114.17,10.0
8615,2886,23,2,165.25,0.0
8616,2886,36,3,64.71,10.0
8617,2886,8,1,91.47,0.0
8618,2887,92,4,80.29,0.0
8619,2887,72,3,58.72,15.0
8620,2887,82,2,233.51,0.0
8621,2887,80,3,210.36,0.0
8622,2887,6,4,198.49,0.0
8623,2888,11,2,41.29,0.0
8624,2888,44,4,83.73,0.0
8625,2888,53,4,8.98,10.0
8626,2888,16,2,47.12,5.0
8627,2888,52,4,107.61,0.0
8628,2889,51,4,109.23,5.0
8629,2890,93,4,161.42,0.0
8630,2890,70,4,71.14,0.0
8631,2890,67,1,231.81,0.0
8632,2890,74,2,59.17,0.0
8633,2890,83,2,48.63,0.0
8634,2891,88,-4,6.71,10.0
8635,2892,59,3,137.97,0.0
8636,2892,79,3,81.42,0.0
8637,2892,19,2,232.32,20.0
8638,2893,38,2,122.19,5.0
8639,2893,9,2,137.06,0.0
8640,2894,41,2,105.88,15.0
8641,2894,67,1,231.81,10.0
8642,2894,24,3,140.86,0.0
8643,2895,61,2,13.74,10.0
8644,2895,84,1,143.06,0.0
8645,2895,55,4,172.28,15.0
8646,2895,86,3,118.78,0.0
8647,2896,42,3,164.24,0.0
8648,2896,2,2,110.24,10.0
8649,2896,29,1,182.29,0.0
8650,2897,9,3,137.06,10.0
8651,2897,38,4,122.19,0.0
8652,2897,75,2,227.7,0.0
8653,2897,76,4,146.51,0.0
8654,2897,86,4,118.78,0.0
8655,2898,35,2,26.29,0.0
8656,2899,66,4,150.49,0.0
8657,2899,88,3,6.71,20.0
8658,2899,30,3,231.76,5.0
8659,2899,56,1,16.47,0.0
8660,2899,65,4,128.61,15.0
8661,2900,18,1,57.52,0.0
8662,2900,82,3,233.51,0.0
8663,2900,4,2,193.39,5.0
8664,2900,49,1,51.93,0.0
8665,2900,91,2,103.0,0.0
8666,2901,85,2,22.63,0.0
8667,2901,62,-1,155.64,15.0
8668,2901,70,2,71.14,5.0
8669,2901,22,2,240.26,10.0
8670,2901,8,-1,91.47,10.0
8671,2902,56,1,16.47,5.0
8672,2903,1,3,52.08,0.0
8673,2904,36,2,64.71,15.0
8674,2905,14,1,132.45,0.0
8675,2905,95,3,135.85,0.0
8676,2906,88,4,6.71,20.0
8677,2907,49,1,51.93,0.0
8678,2907,38,4,122.19,0.0
8679,2908,82,1,233.51,10.0
8680,2908,27,1,112.42,0.0
8681,2908,51,1,109.23,0.0
8682,2908,4,1,193.39,0.0
8683,2908,73,2,97.41,20.0
8684,2909,39,3,150.02,10.0
8685,2909,47,4,144.15,0.0
8686,2909,81,1,243.31,0.0
8687,2909,26,4,138.84,0.0
8688,2909,84,1,143.06,0.0
8689,2910,45,2,242.85,15.0
8690,2910,56,1,16.47,10.0
8691,2911,71,3,249.99,0.0
8692,2911,90,1,124.02,0.0
8693,2911,43,2,16.37,0.0
8694,2912,13,2,156.19,0.0
8695,2912,11,1,41.29,0.0
8696,2912,82,2,233.51,0.0
8697,2913,88,-3,6.71,20.0
8698,2913,4,3,193.39,10.0
8699,2913,80,4,210.36,5.0
8700,2913,87,3,36.97,0.0
8701,2914,76,3,146.51,0.0
8702,2914,19,2,232.32,0.0
8703,2914,42,1,164.24,0.0
8704,2914,70,1,71.14,0.0
8705,2914,82,4,233.51,0.0
8706,2915,73,3,97.41,0.0
8707,2915,83,1,48.63,0.0
8708,2915,89,4,190.17,15.0
8709,2915,40,1,195.69,10.0
8710,2916,36,1,64.71,5.0
8711,2917,1,1,52.08,20.0
8712,2918,86,1,118.78,0.0
8713,2918,33,3,56.06,0.0
8714,2919,19,1,232.32,0.0
8715,2919,42,1,164.24,15.0
8716,2919,47,4,144.15,0.0
8717,2919,56,1,16.47,0.0
8718,2920,64,4,7.71,0.0
8719,2921,77,4,177.17,5.0
8720,2922,53,1,8.98,15.0
8721,2922,92,1,80.29,0.0
8722,2922,73,1,97.41,0.0
8723,2922,39,2,150.02,0.0
8724,2923,48,4,126.95,15.0
8725,2923,81,2,243.31,0.0
8726,2923,50,2,249.28,0.0
8727,2924,22,4,240.26,0.0
8728,2924,23,1,165.25,0.0
8729,2924,65,2,128.61,0.0
8730,2924,3,1,5.21,0.0
8731,2925,56,2,16.47,0.0
8732,2926,63,1,99.0,10.0
8733,2926,24,3,140.86,0.0
8734,2926,60,3,174.68,5.0
8735,2926,37,1,143.56,0.0
8736,2926,16,3,47.12,0.0
8737,2927,33,2,56.06,0.0
8738,2927,32,4,130.85,0.0
8739,2927,81,3,243.31,0.0
8740,2927,41,4,105.88,15.0
8741,2928,20,1,234.75,0.0
8742,2929,93,2,161.42,0.0
8743,2929,34,3,230.02,10.0
8744,2930,18,1,57.52,0.0
8745,2930,93,2,161.42,0.0
8746,2930,48,1,126.95,0.0
8747,2930,30,1,231.76,0.0
8748,2931,11,2,41.29,0.0
8749,2931,37,4,143.56,0.0
8750,2932,61,4,13.74,0.0
8751,2932,4,3,193.39,0.0
8752,2932,85,4,22.63,0.0
8753,2932,17,4,209.57,0.0
8754,2933,56,2,16.47,10.0
8755,2933,83,4,48.63,0.0
8756,2933,40,4,195.69,5.0
8757,2933,10,-4,118.69,0.0
8758,2933,9,1,137.06,0.0
8759,2934,85,3,22.63,0.0
8760,2935,94,3,115.85,0.0
8761,2936,27,1,112.42,0.0
8762,2936,71,1,249.99,20.0
8763,2937,87,4,36.97,0.0
8764,2937,40,1,195.69,0.0
8765,2937,53,3,8.98,10.0
8766,2938,31,1,101.08,15.0
8767,2938,75,4,227.7,0.0
8768,2939,17,2,209.57,5.0
8769,2939,27,3,112.42,0.0
8770,2939,52,3,107.61,5.0
8771,2940,64,1,7.71,0.0
8772,2940,45,4,242.85,0.0
8773,2940,4,1,193.39,10.0
8774,2940,67,4,231.81,0.0
8775,2940,86,3,118.78,0.0
8776,2941,33,4,56.06,0.0
8777,2941,22,4,240.26,0.0
8778,2941,36,3,64.71,0.0
8779,2941,40,-4,195.69,0.0
8780,2941,30,1,231.76,0.0
8781,2942,37,3,143.56,0.0
8782,2942,76,2,146.51,0.0
8783,2942,54,2,156.93,0.0
8784,2942,57,2,205.57,0.0
8785,2943,64,2,7.71,5.0
8786,2943,42,3,164.24,0.0
8787,2943,37,3,143.56,0.0
8788,2943,16,4,47.12,0.0
8789,2944,57,3,205.57,0.0
8790,2944,83,2,48.63,0.0
8791,2944,8,1,91.47,0.0
8792,2944,40,2,195.69,0.0
8793,2945,23,3,165.25,0.0
8794,2945,14,2,132.45,0.0
8795,2945,82,3,233.51,0.0
8796,2945,24,2,140.86,0.0
8797,2945,74,1,59.17,0.0
8798,2946,84,3,143.06,15.0
8799,2946,52,3,107.61,0.0
8800,2947,17,3,209.57,0.0
8801,2947,7,4,189.9,0.0
8802,2948,21,1,68.66,5.0
8803,2948,92,4,80.29,0.0
8804,2948,8,4,91.47,0.0
8805,2949,31,3,101.08,0.0
8806,2949,21,2,68.66,5.0
8807,2949,16,1,47.12,0.0
8808,2949,95,1,135.85,0.0
8809,2949,74,3,59.17,0.0
8810,2950,67,-2,231.81,0.0
8811,2950,33,-3,56.06,15.0
8812,2950,35,1,26.29,5.0
8813,2950,86,-2,118.78,0.0
8814,2950,45,4,242.85,0.0
8815,2951,16,3,47.12,0.0
8816,2951,90,4,124.02,0.0
8817,2951,60,2,174.68,10.0
8818,2952,11,2,41.29,0.0
8819,2952,35,2,26.29,0.0
8820,2953,59,4,137.97,0.0
8821,2953,22,3,240.26,15.0
8822,2953,19,2,232.32,5.0
8823,2953,72,4,58.72,15.0
8824,2954,51,4,109.23,15.0
8825,2954,89,-1,190.17,0.0
8826,2954,83,-2,48.63,0.0
8827,2954,61,2,13.74,0.0
8828,2955,6,1,198.49,0.0
8829,2955,35,2,26.29,0.0
8830,2955,37,3,143.56,0.0
8831,2956,92,2,80.29,0.0
8832,2957,17,-2,209.57,0.0
8833,2957,60,-4,174.68,0.0
8834,2957,75,3,227.7,0.0
8835,2958,10,4,118.69,0.0
8836,2958,7,3,189.9,0.0
8837,2958,20,1,234.75,0.0
8838,2958,79,1,81.42,5.0
8839,2959,85,1,22.63,0.0
8840,2959,54,4,156.93,5.0
8841,2959,59,2,137.97,0.0
8842,2959,5,4,242.5,10.0
8843,2959,43,3,16.37,0.0
8844,2960,46,1,109.69,15.0
8845,2960,12,3,127.97,5.0
8846,2960,11,2,41.29,0.0
8847,2960,75,2,227.7,0.0
8848,2960,76,4,146.51,0.0
8849,2961,24,3,140.86,0.0
8850,2962,77,2,177.17,10.0
8851,2962,38,2,122.19,15.0
8852,2962,18,2,57.52,0.0
8853,2962,19,1,232.32,0.0
8854,2963,87,2,36.97,0.0
8855,2963,63,3,99.0,10.0
8856,2963,21,2,68.66,0.0
8857,2964,7,2,189.9,0.0
8858,2964,66,2,150.49,0.0
8859,2964,26,1,138.84,0.0
8860,2965,49,1,51.93,0.0
8861,2965,83,3,48.63,0.0
8862,2965,67,2,231.81,0.0
8863,2965,4,1,193.39,0.0
8864,2966,85,1,22.63,0.0
8865,2966,3,1,5.21,0.0
8866,2966,36,2,64.71,0.0
8867,2966,61,1,13.74,0.0
8868,2967,64,2,7.71,0.0
8869,2967,73,2,97.41,0.0
8870,2968,64,2,7.71,0.0
8871,2968,54,2,156.93,15.0
8872,2969,23,3,165.25,0.0
8873,2969,66,1,150.49,0.0
8874,2969,11,4,41.29,15.0
8875,2969,79,1,81.42,0.0
8876,2970,3,2,5.21,0.0
8877,2970,80,2,210.36,0.0
8878,2970,27,3,112.42,5.0
8879,2971,18,2,57.52,5.0
8880,2971,50,4,249.28,0.0
8881,2971,63,2,99.0,0.0
8882,2972,51,2,109.23,5.0
8883,2973,91,4,103.0,0.0
8884,2974,76,2,146.51,0.0
8885,2974,42,4,164.24,0.0
8886,2974,14,1,132.45,15.0
8887,2975,51,1,109.23,0.0
8888,2975,40,2,195.69,15.0
8889,2975,62,2,155.64,0.0
8890,2975,9,4,137.06,0.0
8891,2976,43,2,16.37,0.0
8892,2976,47,3,144.15,20.0
8893,2976,7,1,189.9,20.0
8894,2976,53,4,8.98,10.0
8895,2977,75,4,227.7,0.0
8896,2977,10,2,118.69,0.0
8897,2977,77,4,177.17,0.0
8898,2977,49,3,51.93,0.0
8899,2977,53,3,8.98,0.0
8900,2978,88,2,6.71,0.0
8901,2978,33,1,56.06,10.0
8902,2979,35,2,26.29,0.0
8903,2979,91,2,103.0,0.0
8904,2979,19,2,232.32,20.0
8905,2979,24,1,140.86,10.0
8906,2980,30,3,231.76,0.0
8907,2981,47,3,144.15,0.0
8908,2981,70,2,71.14,0.0
8909,2981,31,4,101.08,0.0
8910,2981,94,3,115.85,0.0
8911,2981,72,3,58.72,0.0
8912,2982,29,4,182.29,0.0
8913,2982,9,1,137.06,0.0
8914,2982,90,2,124.02,0.0
8915,2983,22,4,240.26,0.0
8916,2983,42,2,164.24,0.0
8917,2983,39,2,150.02,0.0
8918,2983,14,2,132.45,0.0
8919,2983,63,3,99.0,0.0
8920,2984,59,4,137.97,0.0
8921,2984,16,1,47.12,5.0
8922,2984,87,1,36.97,0.0
8923,2985,39,3,150.02,0.0
8924,2986,15,3,82.54,10.0
8925,2986,29,1,182.29,0.0
8926,2986,54,4,156.93,10.0
8927,2986,60,3,174.68,0.0
8928,2987,61,3,13.74,0.0
8929,2987,11,3,41.29,10.0
8930,2987,17,-2,209.57,5.0
8931,2987,64,3,7.71,0.0
8932,2988,58,1,114.17,0.0
8933,2988,19,2,232.32,0.0
8934,2988,7,1,189.9,0.0
8935,2988,35,1,26.29,0.0
8936,2989,89,1,190.17,0.0
8937,2989,34,3,230.02,10.0
8938,2989,63,4,99.0,0.0
8939,2989,2,-1,110.24,10.0
8940,2990,30,4,231.76,0.0
8941,2991,76,3,146.51,0.0
8942,2991,81,2,243.31,0.0
8943,2991,8,1,91.47,0.0
8944,2991,75,4,227.7,0.0
8945,2992,65,2,128.61,0.0
8946,2992,67,2,231.81,0.0
8947,2993,69,3,89.92,0.0
8948,2993,90,1,124.02,10.0
8949,2993,88,4,6.71,10.0
8950,2994,91,2,103.0,0.0
8951,2994,85,3,22.63,0.0
8952,2994,74,4,59.17,0.0
8953,2994,19,4,232.32,0.0
8954,2995,28,3,83.19,0.0
8955,2995,82,2,233.51,0.0
8956,2995,44,3,83.73,10.0
8957,2996,85,4,22.63,0.0
8958,2996,17,1,209.57,0.0
8959,2996,78,4,244.02,5.0
8960,2996,34,3,230.02,0.0
8961,2996,69,3,89.92,0.0
8962,2997,40,-1,195.69,15.0
8963,2998,50,3,249.28,0.0
8964,2998,19,1,232.32,0.0
8965,2998,40,3,195.69,0.0
8966,2998,71,4,249.99,0.0
8967,2999,49,4,51.93,0.0
8968,2999,30,4,231.76,0.0
8969,2999,7,1,189.9,0.0
8970,2999,58,4,114.17,5.0
8971,3000,30,4,231.76,0.0
8972,3000,36,1,64.71,0.0
